hotel_name,City,Country,Category,Price,Discount,start_date,end_date,Dernière Minute
Circuit groupé : Aventure estivale d’une semaine dans les terres islandaises,,Islande,Other,2326.0,0.0,2024-12-10 00:05:00.000000,2025-01-17 23:55:00.000000,
Circuit privatif : des Forts et temples du Rajhastan au Parc de Ranthambore et ses tigres,,Inde,Other,1287.59,28.0,2024-12-11 00:05:00.000000,2025-01-17 23:55:00.000000,
Circuit : Escapade Tropicale au Costa Rica,,Costa Rica,Other,2029.0,0.0,2024-12-11 00:05:00.000000,2025-01-17 23:55:00.000000,
Circuit groupé : la Norvège des Îles Lofoten à la région des Fjords,,Norvège,Other,2653.0,0.0,2024-12-17 00:05:00.000000,2025-01-17 23:55:00.000000,
6 à 10 jours dans deux recoins fabuleux de Thaïlande,,Thaïlande : Phuket & Khao Lak,Other,644.23,0.0,2024-11-22 00:05:00.000000,2025-01-17 23:55:00.000000,
Circuit groupé : Le Caire & le Nil en dahabeya traditionnelle,,Égypte,Other,2156.0,0.0,2024-12-23 00:05:00.000000,2025-01-17 23:55:00.000000,
"Circuit groupé : des cités royales aux plages d’Andaman, voyage inoubliable en Thaïlande",,Thaïlande,Other,1908.0,,2024-12-06 00:05:00.000000,2025-01-17 23:55:00.000000,
Circuit privatif : La beauté intemporelle du Vietnam avec extension optionnelle au Cambodge,,Vietnam & Cambodge,Other,1101.78,0.0,2024-12-06 00:05:00.000000,2025-01-17 23:55:00.000000,
Kappa Club Waridi Beach Resort & Spa ****,Zanzibar,Tanzanie,4*,1135.0,,2025-01-03 00:05:00.000000,2025-01-17 23:55:00.000000,
Le Clos Violette et Le 11 d'Aglaé,L'Isle-sur-la-Sorgue,France,Other,170.0,34.0,2024-12-30 00:05:00.000000,2025-01-17 23:55:00.000000,
Hotel Diana Dauphine ****,Strasbourg,France,4*,96.0,36.0,2025-01-03 00:05:00.000000,2025-01-17 23:55:00.000000,
Safari : Échappée sauvage en Tanzanie et à Zanzibar,Zanzibar,Tanzanie,Other,2664.0,,2025-01-03 00:05:00.000000,2025-01-17 23:55:00.000000,
New Star Beach Resort ****,Koh Samui,Thaïlande,4*,138.95,44.0,2025-01-03 00:05:00.000000,2025-01-17 23:55:00.000000,
Sands Suites Resort & Spa Mauritius ****,Flic-en-Flac,Île Maurice,4*,304.0,30.0,2025-01-03 00:05:00.000000,2025-01-17 23:55:00.000000,
Circuit : Un voyage dans l'esprit du Japon,,Japon,Other,1526.0,0.0,2024-12-02 00:05:00.000000,2025-01-17 23:55:00.000000,
Hôtel & Spa La Belle Juliette ****,Paris,France,4*,188.0,50.0,2025-01-03 00:05:00.000000,2025-01-17 23:55:00.000000,
Seven Hills Hotel ****,Istanbul,Turquie,4*,100.0,47.0,2025-01-03 00:05:00.000000,2025-01-17 23:55:00.000000,
Sir Victor Hotel *****,Barcelone,Espagne,5*,196.0,49.0,2024-12-27 00:05:00.000000,2025-01-17 23:55:00.000000,
Ulysse Palace Resort & Thalasso *****,Djerba,Tunisie,5*,277.0,,2025-01-03 00:05:00.000000,2025-01-17 23:55:00.000000,
The Residence Maldives at Falhumaafushi *****,,Maldives,5*,1373.58,69.0,2025-01-03 00:05:00.000000,2025-01-17 23:55:00.000000,
Hotel West-End ****,Nice,France,4*,97.0,56.0,2025-01-03 00:05:00.000000,2025-01-17 23:55:00.000000,
Hôtel Esté ****,Paris,France,4*,164.0,41.0,2024-12-27 00:05:00.000000,2025-01-17 23:55:00.000000,
Mama Shelter Roma ****,Rome,Italie,4*,127.0,33.0,2025-01-03 00:05:00.000000,2025-01-17 23:55:00.000000,
Mercure Paris Montparnasse Raspail **** - Dernière minute,Paris,France,4*,128.0,6.0,2025-01-15 00:00:00.000000,2025-01-18 02:00:00.000000,X
Novotel Clermont-Ferrand **** - Dernière minute,Clermont-Ferrand,France,4*,115.0,38.0,2025-01-15 00:00:00.000000,2025-01-18 02:00:00.000000,X
Mercure Annecy Centre **** - Dernière minute,Annecy,France,4*,78.0,31.0,2025-01-15 00:00:00.000000,2025-01-18 02:00:00.000000,X
La Villa Haussmann **** - Dernière minute,Paris,France,4*,330.0,3.0,2025-01-15 00:00:00.000000,2025-01-18 02:00:00.000000,X
Mercure Marseille Centre Bompard La Corniche **** - Dernière minute,Marseille,France,4*,100.0,54.0,2025-01-15 00:00:00.000000,2025-01-18 02:00:00.000000,X
Mercure Lorient Centre **** - Dernière minute,Lorient,France,4*,92.0,30.0,2025-01-15 00:00:00.000000,2025-01-18 02:00:00.000000,X
L'Échiquier Opéra Paris - MGallery **** - Dernière minute,Paris,France,4*,183.0,20.0,2025-01-15 00:00:00.000000,2025-01-18 02:00:00.000000,X
Novotel Nice Centre Vieux Nice **** - Dernière minute,Nice,France,4*,77.0,36.0,2025-01-15 00:00:00.000000,2025-01-18 02:00:00.000000,X
Hotel Croisette Beach Cannes - MGallery **** - Dernière minute,Cannes,France,4*,137.0,65.0,2025-01-15 00:00:00.000000,2025-01-18 02:00:00.000000,X
La Villa Maillot Arc de Triomphe **** - Dernière minute,Paris,France,4*,167.0,21.0,2025-01-15 00:00:00.000000,2025-01-18 02:00:00.000000,X
Mercure Chambéry Centre **** - Dernière minute,Chambéry,France,4*,67.0,34.0,2025-01-15 00:00:00.000000,2025-01-18 02:00:00.000000,X
Mercure Paris Boulogne **** - Dernière minute,Boulogne-Billancourt,France,4*,101.0,28.0,2025-01-15 00:00:00.000000,2025-01-18 02:00:00.000000,X
Mercure Saint-Omer Centre Gare **** - Dernière minute,Saint-Omer,France,4*,82.0,45.0,2025-01-15 00:00:00.000000,2025-01-18 02:00:00.000000,X
Mercure Orange Centre **** - Dernière minute,Orange,France,4*,99.0,40.0,2025-01-15 00:00:00.000000,2025-01-18 02:00:00.000000,X
Arass Hotel & Business Flats - Dernière minute,Anvers,Belgique,Other,90.0,18.0,2025-01-15 00:00:00.000000,2025-01-18 02:00:00.000000,X
Mercure Grenoble Centre Alpotel **** - Dernière minute,Grenoble,France,4*,84.0,24.0,2025-01-15 00:00:00.000000,2025-01-18 02:00:00.000000,X
Best Western Premier Roosevelt **** - Dernière minute,Nice,France,4*,83.0,36.0,2025-01-15 00:00:00.000000,2025-01-18 02:00:00.000000,X
Five Boutique Hotel Paris Quartier Latin - Dernière minute,Paris,France,Other,179.0,1.0,2025-01-15 00:00:00.000000,2025-01-18 02:00:00.000000,X
Hôtel Yllen Eiffel **** - Dernière minute,Paris,France,4*,213.0,-476.0,2025-01-15 00:00:00.000000,2025-01-18 02:00:00.000000,X
Novotel Perpignan Rivesaltes **** - Dernière minute,Perpignan,France,4*,84.0,40.0,2025-01-15 00:00:00.000000,2025-01-18 02:00:00.000000,X
Mercure Paris Place d'Italie **** - Dernière minute,Paris,France,4*,88.0,51.0,2025-01-15 00:00:00.000000,2025-01-18 02:00:00.000000,X
Mercure Lyon Est Chaponnay **** - Dernière minute,Lyon,France,4*,76.0,36.0,2025-01-15 00:00:00.000000,2025-01-18 02:00:00.000000,X
Hôtel Touraine Opéra **** - Dernière minute,Paris,France,4*,99.0,31.0,2025-01-15 00:00:00.000000,2025-01-18 02:00:00.000000,X
Demeures de Campagne Parc du Coudray **** - Dernière minute,Essonne,France,4*,129.0,1.0,2025-01-15 00:00:00.000000,2025-01-18 02:00:00.000000,X
Hôtel Balmoral **** - Dernière minute,Paris,France,4*,174.0,5.0,2025-01-15 00:00:00.000000,2025-01-18 02:00:00.000000,X
Les Dames du Panthéon **** - Dernière minute,Paris,France,4*,194.0,32.0,2025-01-15 00:00:00.000000,2025-01-18 02:00:00.000000,X
Hôtel Mercure Nice Centre Notre Dame **** - Dernière minute,Nice,France,4*,87.0,56.0,2025-01-15 00:00:00.000000,2025-01-18 02:00:00.000000,X
Mercure Lyon Centre Place de la République **** - Dernière minute,Lyon,France,4*,84.0,46.0,2025-01-15 00:00:00.000000,2025-01-18 02:00:00.000000,X
Mercure Avignon Centre Palais des Papes **** - Dernière minute,Avignon,France,4*,99.0,51.0,2025-01-15 00:00:00.000000,2025-01-18 02:00:00.000000,X
Empreinte Hôtel & Spa **** - Dernière minute,Orléans,France,4*,115.0,47.0,2025-01-15 00:00:00.000000,2025-01-18 02:00:00.000000,X
Novotel Paris Rueil-Malmaison **** - Dernière minute,Rueil-Malmaison,France,4*,102.0,49.0,2025-01-15 00:00:00.000000,2025-01-18 02:00:00.000000,X
Mercure Arras Centre Gare **** - Dernière minute,Arras,France,4*,79.0,52.0,2025-01-15 00:00:00.000000,2025-01-18 02:00:00.000000,X
Mercure Marne La Vallée Bussy-St-Georges **** - Dernière minute,Marne-la-Vallée,France,4*,95.0,33.0,2025-01-15 00:00:00.000000,2025-01-18 02:00:00.000000,X
Mercure Paris-Val-de-Fontenay **** - Dernière minute,Fontenay-sous-Bois,France,4*,88.0,44.0,2025-01-15 00:00:00.000000,2025-01-18 02:00:00.000000,X
Novotel Centre Confluence Bord de Saone **** - Dernière minute,Lyon,France,4*,100.0,51.0,2025-01-15 00:00:00.000000,2025-01-18 02:00:00.000000,X
Novotel Suites Nancy Centre **** - Dernière minute,Nancy,France,4*,80.0,37.0,2025-01-15 00:00:00.000000,2025-01-18 02:00:00.000000,X
Mercure Lyon Centre Lumière **** - Dernière minute,Lyon,France,4*,88.0,48.0,2025-01-15 00:00:00.000000,2025-01-18 02:00:00.000000,X
Novotel Marne-la-Vallée Noisy-le-Grand **** - Dernière minute,Marne-la-Vallée,France,4*,73.0,48.0,2025-01-15 00:00:00.000000,2025-01-18 02:00:00.000000,X
Mercure Hyères Centre Côte d'Azur **** - Dernière minute,Hyères,France,4*,84.0,53.0,2025-01-15 00:00:00.000000,2025-01-18 02:00:00.000000,X
Mercure Rennes Place de Bretagne *** - Dernière minute,Rennes,France,Other,74.0,41.0,2025-01-15 00:00:00.000000,2025-01-18 02:00:00.000000,X
Mercure Grenoble Centre Président **** - Dernière minute,Grenoble,France,4*,85.0,22.0,2025-01-15 00:00:00.000000,2025-01-18 02:00:00.000000,X
Novotel Suites Reims Centre **** - Dernière minute,Reims,France,4*,92.0,34.0,2025-01-15 00:00:00.000000,2025-01-18 02:00:00.000000,X
Mercure Nantes Centre Gare **** - Dernière minute,Nantes,France,4*,96.0,40.0,2025-01-15 00:00:00.000000,2025-01-18 02:00:00.000000,X
Novotel Suites Clermont-Ferrand Polydôme **** - Dernière minute,Clermont-Ferrand,France,4*,91.0,41.0,2025-01-15 00:00:00.000000,2025-01-18 02:00:00.000000,X
Novotel Lille Centre Grand Place **** - Dernière minute,Lille,France,4*,92.0,51.0,2025-01-15 00:00:00.000000,2025-01-18 02:00:00.000000,X
Grand Hôtel du Midi **** - Dernière minute,Montpellier,France,4*,149.0,21.0,2025-01-15 00:00:00.000000,2025-01-18 02:00:00.000000,X
Novotel Grenoble Centre **** - Dernière minute,Grenoble,France,4*,83.0,29.0,2025-01-15 00:00:00.000000,2025-01-18 02:00:00.000000,X
Mercure Luxembourg Off Kirchberg **** - Dernière minute,Luxembourg,Luxembourg,4*,101.0,28.0,2025-01-15 00:00:00.000000,2025-01-18 02:00:00.000000,X
Novotel Nantes Centre Bord de Loire **** - Dernière minute,Nantes,France,4*,76.0,51.0,2025-01-15 00:00:00.000000,2025-01-18 02:00:00.000000,X
Novotel Suites Nice Aéroport **** - Dernière minute,Nice,France,4*,89.0,19.0,2025-01-15 00:00:00.000000,2025-01-18 02:00:00.000000,X
Mercure Lyon Centre Saxe Lafayette **** - Dernière minute,Lyon,France,4*,98.0,39.0,2025-01-15 00:00:00.000000,2025-01-18 02:00:00.000000,X
Mercure Saint-Malo Balmoral **** - Dernière minute,Saint-Malo,France,4*,67.0,73.0,2025-01-15 00:00:00.000000,2025-01-18 02:00:00.000000,X
Novotel Senart Golf de Greenparc **** - Dernière minute,Essonne,France,4*,92.0,43.0,2025-01-15 00:00:00.000000,2025-01-18 02:00:00.000000,X
Novotel Lille Aéroport **** - Dernière minute,Lille aéroport,France,4*,82.0,57.0,2025-01-15 00:00:00.000000,2025-01-18 02:00:00.000000,X
Novotel Paris Centre Bercy **** - Dernière minute,Paris,France,4*,135.0,46.0,2025-01-15 00:00:00.000000,2025-01-18 02:00:00.000000,X
Mercure Clermont-Ferrand Centre Jaude **** - Dernière minute,Clermont-Ferrand,France,4*,103.0,29.0,2025-01-15 00:00:00.000000,2025-01-18 02:00:00.000000,X
Mercure Aix-les-Bains Domaine de Marlioz Hôtel & Spa **** - Dernière minute,Aix-les-Bains,France,4*,99.0,48.0,2025-01-15 00:00:00.000000,2025-01-18 02:00:00.000000,X
Mercure Paris Bastille Marais **** - Dernière minute,Paris,France,4*,96.0,3.0,2025-01-15 00:00:00.000000,2025-01-18 02:00:00.000000,X
Novotel Suites Lille Europe **** - Dernière minute,Lille,France,4*,84.0,30.0,2025-01-15 00:00:00.000000,2025-01-18 02:00:00.000000,X
Mercure Cavaillon **** - Dernière minute,Luberon,France,4*,91.0,39.0,2025-01-15 00:00:00.000000,2025-01-18 02:00:00.000000,X
Grand Hôtel La Cloche Dijon - MGallery ***** - Dernière minute,Dijon,France,5*,192.0,23.0,2025-01-15 00:00:00.000000,2025-01-18 02:00:00.000000,X
Mercure Lyon Centre Beaux-Arts **** - Dernière minute,Lyon,France,4*,99.0,50.0,2025-01-15 00:00:00.000000,2025-01-18 02:00:00.000000,X
Mercure Rambouillet Relays du Château **** - Dernière minute,Rambouillet,France,4*,76.0,46.0,2025-01-15 00:00:00.000000,2025-01-18 02:00:00.000000,X
Novotel Nancy Ouest **** - Dernière minute,Nancy,France,4*,89.0,38.0,2025-01-15 00:00:00.000000,2025-01-18 02:00:00.000000,X
Mercure Paris Suresnes Longchamp **** - Dernière minute,Suresnes,France,4*,88.0,37.0,2025-01-15 00:00:00.000000,2025-01-18 02:00:00.000000,X
Novotel Avignon Centre **** - Dernière minute,Avignon,France,4*,95.0,53.0,2025-01-15 00:00:00.000000,2025-01-18 02:00:00.000000,X
Araucaria Hotel & Spa **** - Dernière minute,La Plagne,France,4*,232.0,45.0,2025-01-15 00:00:00.000000,2025-01-18 02:00:00.000000,X
Mercure Lille Centre Vieux Lille **** - Dernière minute,Lille,France,4*,88.0,37.0,2025-01-15 00:00:00.000000,2025-01-18 02:00:00.000000,X
Mercure Paris Saint Cloud Hippodrome **** - Dernière minute,Saint-Cloud,France,4*,74.0,51.0,2025-01-15 00:00:00.000000,2025-01-18 02:00:00.000000,X
Mercure Nice Promenade des Anglais **** - Dernière minute,Nice,France,4*,120.0,52.0,2025-01-15 00:00:00.000000,2025-01-18 02:00:00.000000,X
Novotel Charleroi Centre **** - Dernière minute,Charleroi,Belgique,4*,81.0,10.0,2025-01-15 00:00:00.000000,2025-01-18 02:00:00.000000,X
Mercure Thionville Centre **** - Dernière minute,Thionville,France,4*,77.0,25.0,2025-01-15 00:00:00.000000,2025-01-18 02:00:00.000000,X
Platine Hotel **** - Dernière minute,Paris,France,4*,280.0,6.0,2025-01-15 00:00:00.000000,2025-01-18 02:00:00.000000,X
Hôtel Duette *** - Dernière minute,Paris,France,Other,80.0,68.0,2025-01-15 00:00:00.000000,2025-01-18 02:00:00.000000,X
Mercure Paris Opéra Faubourg Montmartre **** - Dernière minute,Paris,France,4*,126.0,28.0,2025-01-15 00:00:00.000000,2025-01-18 02:00:00.000000,X
Les Plumes **** - Dernière minute,Paris,France,4*,130.0,4.0,2025-01-15 00:00:00.000000,2025-01-18 02:00:00.000000,X
Mercure Nice Centre Grimaldi **** - Dernière minute,Nice,France,4*,79.0,56.0,2025-01-15 00:00:00.000000,2025-01-18 02:00:00.000000,X
Hôtel Les Théâtres **** - Dernière minute,Paris,France,4*,170.0,0.0,2025-01-15 00:00:00.000000,2025-01-18 02:00:00.000000,X
Mercure Paris Montparnasse Pasteur **** - Dernière minute,Paris,France,4*,112.0,27.0,2025-01-15 00:00:00.000000,2025-01-18 02:00:00.000000,X
Mercure Paris Tour Eiffel Pont Mirabeau **** - Dernière minute,Paris,France,4*,142.0,21.0,2025-01-15 00:00:00.000000,2025-01-18 02:00:00.000000,X
Kube Paris Hotel & Ice Bar **** - Dernière minute,Paris,France,4*,142.0,40.0,2025-01-15 00:00:00.000000,2025-01-18 02:00:00.000000,X
Mercure Paris Bastille Saint-Antoine **** - Dernière minute,Paris,France,4*,90.0,45.0,2025-01-15 00:00:00.000000,2025-01-18 02:00:00.000000,X
Best Western Plus Hôtel Masséna Nice **** - Dernière minute,Nice,France,4*,75.0,34.0,2025-01-15 00:00:00.000000,2025-01-18 02:00:00.000000,X
Mercure Paris Montmartre Sacré-Coeur **** - Dernière minute,Paris,France,4*,137.0,43.0,2025-01-15 00:00:00.000000,2025-01-18 02:00:00.000000,X
Le Moulin de Fourges - Dernière minute,Eure,France,Other,112.0,0.0,2025-01-15 00:00:00.000000,2025-01-18 02:00:00.000000,X
Mercure Nantes Passage Pommeraye **** - Dernière minute,Nantes,France,4*,76.0,42.0,2025-01-15 00:00:00.000000,2025-01-18 02:00:00.000000,X
L'Eautel Toulon Port **** - Dernière Minute,Toulon,France,4*,99.0,0.0,2025-01-15 00:00:00.000000,2025-01-18 02:00:00.000000,
Ilôt du Golf **** BW Premier Collection - Dernière minute,Alpes-Maritimes,France,4*,116.0,0.0,2025-01-15 00:00:00.000000,2025-01-18 02:00:00.000000,X
Demeures de campagne Chemins de Sologne - Dernière minute,Orléans,France,Other,127.0,2.0,2025-01-15 00:00:00.000000,2025-01-18 02:00:00.000000,X
Hotel Spiess & Spiess **** - Dernière minute,Vienne,Autriche,4*,131.0,43.0,2025-01-15 00:00:00.000000,2025-01-18 02:00:00.000000,X
Résidence La Réserve Ferney-Voltaire **** - Dernière minute,Auvergne-Rhône-Alpes,France,4*,115.0,1.0,2025-01-15 00:00:00.000000,2025-01-18 02:00:00.000000,X
Novotel Lille Centre Gares **** - Dernière minute,Lille,France,4*,88.0,39.0,2025-01-15 00:00:00.000000,2025-01-18 02:00:00.000000,X
Nehô Suites Porte de Genève - Gare Annemasse *** - Dernière minute,Haute-Savoie,France,Other,83.0,16.0,2025-01-15 00:00:00.000000,2025-01-18 02:00:00.000000,X
Mercure Namur **** - Dernière minute,Namur,Belgique,4*,152.0,,2025-01-15 00:00:00.000000,2025-01-18 02:00:00.000000,X
Hôtel Mercure Rennes Centre Parlement **** - Dernière minute,Rennes,France,4*,99.0,6.0,2025-01-15 00:00:00.000000,2025-01-18 02:00:00.000000,X
Demeures de Campagne Domaine de Maffliers - L'Isle Adam **** - Dernière minute,Maffliers,France,4*,120.0,53.0,2025-01-15 00:00:00.000000,2025-01-18 02:00:00.000000,X
Novotel Paris Val-de-Fontenay - Dernière minute,Val-de-Marne,France,Other,74.0,44.0,2025-01-15 00:00:00.000000,2025-01-18 02:00:00.000000,X
Hôtel Life Marseille - Dernière minute,Marseille,France,Other,105.0,,2025-01-15 00:00:00.000000,2025-01-18 02:00:00.000000,X
Novotel Orléans Centre Gare **** - Dernière minute,Orléans,France,4*,106.0,24.0,2025-01-15 00:00:00.000000,2025-01-18 02:00:00.000000,X
Hôtel Claude Bernard Paris Saint-Germain - Dernière minute,Paris,France,Other,175.0,,2025-01-15 00:00:00.000000,2025-01-18 02:00:00.000000,X
Maison Urbaine - Dernière minute,Paris,France,Other,67.0,,2025-01-15 00:00:00.000000,2025-01-18 02:00:00.000000,X
Novotel Créteil Lac **** - Dernière minute,Créteil,France,4*,95.0,35.0,2025-01-15 00:00:00.000000,2025-01-18 02:00:00.000000,X
L'Ermitage Mont Saint Michel ***** - Dernière minute,Le Mont-Saint-Michel,France,5*,230.0,,2025-01-15 00:00:00.000000,2025-01-18 02:00:00.000000,X
Villa Makassar ***** - Dernière minute,Marrakech,Maroc,5*,269.0,,2025-01-15 00:00:00.000000,2025-01-18 02:00:00.000000,X
Greet Hôtel Montbéliard - Dernière minute,Doubs,France,Other,51.0,,2025-01-15 00:00:00.000000,2025-01-18 02:00:00.000000,X
Château d’Ermenonville - Dernière minute,Oise,France,Other,109.0,,2025-01-15 00:00:00.000000,2025-01-18 02:00:00.000000,X
Aparthotel Adagio Access Rouen Centre Cathédrale - Dernière minute,Rouen,France,Other,98.0,,2025-01-15 00:00:00.000000,2025-01-18 02:00:00.000000,X
Best Western le Galice **** - Dernière minute,Aix-en-Provence,France,4*,104.0,,2025-01-15 00:00:00.000000,2025-01-18 02:00:00.000000,X
Pullman Lyon **** - Dernière minute,Lyon,France,4*,113.0,,2025-01-15 00:00:00.000000,2025-01-18 02:00:00.000000,X
Sofitel Lyon Bellecour ***** - Dernière minute,Lyon,France,5*,134.0,49.0,2025-01-15 00:00:00.000000,2025-01-18 02:00:00.000000,X
Novotel Paris les Halles **** - Dernière minute,Paris,France,4*,548.0,40.0,2025-01-15 00:00:00.000000,2025-01-18 02:00:00.000000,X
RockyPop Hotel - Dernière minute,Chamonix,France,Other,68.0,68.0,2025-01-15 00:00:00.000000,2025-01-18 02:00:00.000000,X
Mercure Paris Orly Rungis **** - Dernière minute,Rungis,France,4*,89.0,55.0,2025-01-15 00:00:00.000000,2025-01-18 02:00:00.000000,X
Mercure Paris 17 Batignolles **** - Dernière minute,Paris,France,4*,111.0,31.0,2025-01-15 00:00:00.000000,2025-01-18 02:00:00.000000,X
Novotel Suites Marseille Centre Euromed **** - Dernière minute,Marseille,France,4*,79.0,58.0,2025-01-15 00:00:00.000000,2025-01-18 02:00:00.000000,X
Hôtel de Cavoye **** - Dernière minute,Fontainebleau,France,4*,126.0,,2025-01-15 00:00:00.000000,2025-01-18 02:00:00.000000,X
Novotel Marseille Centre Prado Velodrome **** - Dernière minute,Marseille,France,4*,101.0,33.0,2025-01-15 00:00:00.000000,2025-01-18 02:00:00.000000,X
Hôtel Eden **** - Dernière minute,Paris,France,4*,133.0,24.0,2025-01-15 00:00:00.000000,2025-01-18 02:00:00.000000,X
Pullman Toulouse Airport **** - Dernière minute,Toulouse,France,4*,123.0,38.0,2025-01-15 00:00:00.000000,2025-01-18 02:00:00.000000,X
Hôtel Mercure Président Biarritz Centre **** - Dernière minute,Biarritz,France,4*,86.0,,2025-01-15 00:00:00.000000,2025-01-18 02:00:00.000000,X
Mercure Libourne Saint-Emilion **** - Dernière minute,Libourne,France,4*,79.0,55.0,2025-01-15 00:00:00.000000,2025-01-18 02:00:00.000000,X
Pullman Bordeaux Lac **** - Dernière minute,Bordeaux,France,4*,83.0,52.0,2025-01-15 00:00:00.000000,2025-01-18 02:00:00.000000,X
"Hôtel Plaza Biarritz Plage, Handwritten Collection **** - Dernière minute",Biarritz,France,4*,99.0,,2025-01-15 00:00:00.000000,2025-01-18 02:00:00.000000,X
Domaine de Rochebois & Spa Nuxe **** - Dernière minute,Dordogne,France,4*,170.0,,2025-01-15 00:00:00.000000,2025-01-18 02:00:00.000000,X
Mercure Toulouse Centre Wilson Capitole **** - Dernière minute,Toulouse,France,4*,100.0,28.0,2025-01-15 00:00:00.000000,2025-01-18 02:00:00.000000,X
Pullman Toulouse Centre Ramblas ***** - Dernière minute,Toulouse,France,5*,108.0,27.0,2025-01-15 00:00:00.000000,2025-01-18 02:00:00.000000,X
La Cour des Consuls - MGallery ***** - Dernière minute,Toulouse,France,5*,233.0,10.0,2025-01-15 00:00:00.000000,2025-01-18 02:00:00.000000,X
Novotel Toulouse Purpan Aéroport **** - Dernière minute,Toulouse,France,4*,87.0,28.0,2025-01-15 00:00:00.000000,2025-01-18 02:00:00.000000,X
Le Palais Gallien hôtel & Spa ***** - Dernière minute,Bordeaux,France,5*,254.0,,2025-01-15 00:00:00.000000,2025-01-18 02:00:00.000000,X
Mercure Toulouse Golf de Seilh **** - Dernière minute,Toulouse,France,4*,79.0,49.0,2025-01-15 00:00:00.000000,2025-01-18 02:00:00.000000,X
Le Boutique hôtel & Spa Bordeaux ***** - Dernière minute,Bordeaux,France,5*,262.0,,2025-01-15 00:00:00.000000,2025-01-18 02:00:00.000000,X
La Maison Bord'eaux **** - Dernière minute,Bordeaux,France,4*,180.0,100.0,2025-01-15 00:00:00.000000,2025-01-18 02:00:00.000000,X
Relais Thalasso Île de Ré **** - Dernière minute,Île-de-Ré,France,4*,250.0,4.0,2025-01-15 00:00:00.000000,2025-01-18 02:00:00.000000,X
Mercure Poitiers Site du Futuroscope **** - Dernière minute,Proche du Futuroscope,France,4*,69.0,29.0,2025-01-15 00:00:00.000000,2025-01-18 02:00:00.000000,X
Mercure Bordeaux Château Chartrons **** - Dernière minute,Bordeaux,France,4*,88.0,43.0,2025-01-15 00:00:00.000000,2025-01-18 02:00:00.000000,X
Novotel Bordeaux Centre **** - Dernière minute,Bordeaux,France,4*,95.0,50.0,2025-01-15 00:00:00.000000,2025-01-18 02:00:00.000000,X
Mercure Bordeaux Centre-Ville **** - Dernière minute,Bordeaux,France,4*,97.0,29.0,2025-01-15 00:00:00.000000,2025-01-18 02:00:00.000000,X
Hôtel Bleu Sea & Spa **** - Dernière minute,Bouches-du-Rhône,France,4*,150.0,,2025-01-15 00:00:00.000000,2025-01-18 02:00:00.000000,X
Hotel Gatsby by HappyCulture **** - Dernière minute,Métropole de Lyon,France,4*,64.0,7.0,2025-01-15 00:00:00.000000,2025-01-18 02:00:00.000000,X
Hôtel Chromatics & Restaurant Hill Club by HappyCulture - Dernière minute,Lyon,France,Other,59.0,,2025-01-15 00:00:00.000000,2025-01-18 02:00:00.000000,X
Sofitel Le Scribe Paris Opéra ***** - Dernière minute,Paris,France,5*,464.0,10.0,2025-01-15 00:00:00.000000,2025-01-18 02:00:00.000000,X
Mom’Art Hotel Paris **** - Dernière minute,Paris,France,4*,142.0,,2025-01-15 00:00:00.000000,2025-01-18 02:00:00.000000,X
Novotel Rouen Centre Cathédrale **** - Dernière minute,Rouen,France,4*,93.0,,2025-01-15 00:00:00.000000,2025-01-18 02:00:00.000000,X
Mercure Paris Porte de Pantin **** - Dernière minute,Paris,France,4*,101.0,40.0,2025-01-15 00:00:00.000000,2025-01-18 02:00:00.000000,X
Grand Hôtel Beauvau Marseille Vieux Port - MGallery **** - Dernière minute,Marseille,France,4*,108.0,41.0,2025-01-15 00:00:00.000000,2025-01-18 02:00:00.000000,X
Hôtel Horizon Resort Massane & Spa **** - Dernière minute,Hérault,France,4*,151.0,,2025-01-15 00:00:00.000000,2025-01-18 02:00:00.000000,X
Hôtel Roi Soleil Prestige Plaisir - St Quentin **** - Dernière minute,,Yvelines France,4*,106.0,0.0,2025-01-15 00:00:00.000000,2025-01-18 02:00:00.000000,X
Drawing House **** - Dernière minute,Paris,France,4*,122.0,0.0,2025-01-15 00:00:00.000000,2025-01-18 02:00:00.000000,X
25hours Hotel Terminus Nord **** - Dernière minute,Paris,France,4*,134.0,42.0,2025-01-15 00:00:00.000000,2025-01-18 02:00:00.000000,X
Molitor Paris ***** - MGallery - Dernière minute,Paris,France,5*,338.0,27.0,2025-01-15 00:00:00.000000,2025-01-18 02:00:00.000000,X
Thalazur Bandol ***** - Dernière minute,Bandol,France,5*,234.0,,2025-01-15 00:00:00.000000,2025-01-18 02:00:00.000000,X
Mama Shelter Marseille - Dernière minute,Marseille,France,Other,87.0,,2025-01-15 00:00:00.000000,2025-01-18 02:00:00.000000,X
Mama Shelter Bordeaux - Dernière minute,Bordeaux,France,Other,87.0,,2025-01-15 00:00:00.000000,2025-01-18 02:00:00.000000,X
Mama Shelter Lyon - Dernière minute,Lyon,France,Other,84.0,,2025-01-15 00:00:00.000000,2025-01-18 02:00:00.000000,X
Mama Shelter Paris West - Dernière minute,Paris,France,Other,143.0,,2025-01-15 00:00:00.000000,2025-01-18 02:00:00.000000,X
Mama Shelter Paris La Défense - Dernière minute,Paris,France,Other,111.0,,2025-01-15 00:00:00.000000,2025-01-18 02:00:00.000000,X
Mama Shelter Paris East - Dernière minute,Paris,France,Other,111.0,,2025-01-15 00:00:00.000000,2025-01-18 02:00:00.000000,X
Mama Shelter Toulouse **** - Dernière minute,Toulouse,France,4*,96.0,,2025-01-15 00:00:00.000000,2025-01-18 02:00:00.000000,X
Mama Shelter Luxembourg - Dernière minute,,Luxembourg,Other,124.0,,2025-01-15 00:00:00.000000,2025-01-18 02:00:00.000000,X
Château de Saulon **** - Dernière minute,Côte-d'Or,France,4*,92.0,73.0,2025-01-15 00:00:00.000000,2025-01-18 02:00:00.000000,X
MGallery Nest Paris la Defense ***** - Dernière minute,La Défense,France,5*,134.0,49.0,2025-01-15 00:00:00.000000,2025-01-18 02:00:00.000000,X
Beau Rivage **** - Dernière minute,Nice,France,4*,88.0,67.0,2025-01-15 00:00:00.000000,2025-01-18 02:00:00.000000,X
Tribe Paris Batignolles **** - Dernière minute,Paris,France,4*,111.0,38.0,2025-01-15 00:00:00.000000,2025-01-18 02:00:00.000000,X
Nehô Suites Cannes Croisette **** - Dernière minute,Cannes,France,4*,106.0,21.0,2025-01-15 00:00:00.000000,2025-01-18 02:00:00.000000,X
Hôtel Saint Charles Val Cenis **** - Dernière minute,Savoie,France,4*,150.0,55.0,2025-01-17 01:00:00.000000,2025-01-18 03:00:00.000000,X
Hôtel Le Louis Versailles Château - MGallery **** - Dernière minute,Versailles,France,4*,229.0,10.0,2025-01-17 01:00:00.000000,2025-01-18 03:00:00.000000,X
Miss Fuller **** - Dernière minute,Paris,France,4*,233.0,,2025-01-17 01:00:00.000000,2025-01-18 03:00:00.000000,X
"The Gantry London, Curio Collection by Hilton ****",Londres,Royaume-Uni,4*,185.0,0.0,2025-01-13 00:05:00.000000,2025-01-18 23:55:00.000000,
Madison Saint Jean de Luz ****,Saint-Jean-de-Luz,France,4*,125.0,51.0,2025-01-13 00:05:00.000000,2025-01-18 23:55:00.000000,
Sofitel Paris Arc de Triomphe *****,Paris,France,5*,396.0,33.0,2025-01-16 00:05:00.000000,2025-01-18 23:55:00.000000,
Caravan by Habitas Dakhla *****,Dakhla,Maroc,5*,205.0,55.0,2025-01-15 00:05:00.000000,2025-01-18 23:55:00.000000,
Mykonos Residence Villas & Suites Merchia Beach ****,Mykonos,Grèce,4*,194.0,49.0,2025-01-16 00:05:00.000000,2025-01-18 23:55:00.000000,
Sheraton Jumeirah Beach Resort *****,Dubaï,Émirats arabes unis,5*,169.98,42.0,2025-01-15 00:05:00.000000,2025-01-18 23:55:00.000000,
Hotel 87 eighty-seven - Maison d'Art Collection ****,Rome,Italie,4*,122.0,36.0,2025-01-14 00:05:00.000000,2025-01-18 23:55:00.000000,
Le Frégate Provence ****,Bandol,France,4*,132.0,41.0,2025-01-09 00:05:00.000000,2025-01-18 23:55:00.000000,
Park Hyatt Abu Dhabi Hotel & Villas *****,Abu Dhabi,Émirats Arabes Unis,5*,247.68,54.0,2025-01-15 00:05:00.000000,2025-01-18 23:55:00.000000,
Desert Rose Resort *****,Hurghada,Égypte,5*,115.0,33.0,2025-01-15 00:05:00.000000,2025-01-18 23:55:00.000000,
UNAHOTELS Ala Venezia - Adults Only,Venise,Italie,Other,135.0,40.0,2025-01-09 00:05:00.000000,2025-01-18 23:55:00.000000,
Hotel Boutique Calas de Alicante ****,Alicante,Espagne,4*,97.0,31.0,2025-01-16 00:05:00.000000,2025-01-18 23:55:00.000000,
Hotel Beverly Park & Spa ****,Costa Brava,Espagne,4*,102.0,38.0,2025-01-16 00:05:00.000000,2025-01-18 23:55:00.000000,
Hotel Sorli Emocions ****,Catalogne,Espagne,4*,89.0,40.0,2025-01-15 00:05:00.000000,2025-01-18 23:55:00.000000,
Hotel Sansi Barcelona ****,Barcelone,Espagne,4*,113.0,59.0,2025-01-16 00:05:00.000000,2025-01-18 23:55:00.000000,
Mövenpick Mansour Eddahbi Marrakech *****,Marrakech,Maroc,5*,216.82,54.0,2025-01-13 00:05:00.000000,2025-01-18 23:55:00.000000,
Merveilles de la nature en Indonésie,Bali,Indonésie,Other,485.99,0.0,2025-01-16 00:05:00.000000,2025-01-18 23:55:00.000000,
Hôtel Renaissance Bordeaux ****,Bordeaux,France,4*,119.0,41.0,2025-01-17 00:05:00.000000,2025-01-18 23:55:00.000000,
BessaHotel Baixa ****,Porto,Portugal,4*,118.0,38.0,2025-01-04 00:05:00.000000,2025-01-18 23:55:00.000000,
Cavo Olympo Luxury Hotel & Spa ***** - Adults Only,Litochoro,Grèce,5*,120.0,40.0,2025-01-04 00:05:00.000000,2025-01-18 23:55:00.000000,
Le Louise Hotel Brussels - MGallery *****,Bruxelles,Belgique,5*,140.0,33.0,2024-12-27 00:05:00.000000,2025-01-18 23:55:00.000000,
Millennium Downtown New York ****,New York,États-Unis,4*,130.15,52.0,2024-12-21 00:05:00.000000,2025-01-18 23:55:00.000000,
TRIBE Amsterdam City ****,Amsterdam,Pays-Bas,4*,74.0,49.0,2024-12-22 00:05:00.000000,2025-01-19 16:00:00.000000,
Hôtel R de Paris ****,Paris,France,4*,135.0,45.0,2025-01-17 00:05:00.000000,2025-01-19 23:55:00.000000,
Hôtel Aston La Scala ****,Nice,France,4*,98.0,52.0,2025-01-15 00:05:00.000000,2025-01-19 23:55:00.000000,
Le Domaine des Prés Verts & Spa Vinésime ****,Bourgogne,France,4*,135.0,59.0,2025-01-14 00:05:00.000000,2025-01-19 23:55:00.000000,
25hours Hotel Terminus Nord ****,Paris,France,4*,141.0,19.0,2025-01-15 00:05:00.000000,2025-01-19 23:55:00.000000,
Kimpton Vividora Barcelona *****,Barcelone,Espagne,5*,213.0,33.0,2025-01-17 00:05:00.000000,2025-01-19 23:55:00.000000,
Royal M Hotel & Resort Abu Dhabi *****,Abu Dhabi,Émirats arabes unis,5*,631.0,,2025-01-05 00:05:00.000000,2025-01-19 23:55:00.000000,
Fruit & Spice Wellness Resort Zanzibar *****,Zanzibar,Tanzanie,5*,207.44,41.0,2025-01-05 00:05:00.000000,2025-01-19 23:55:00.000000,
Hôtel La Belle Ville,Paris,France,Other,178.0,21.0,2025-01-05 00:05:00.000000,2025-01-19 23:55:00.000000,
Hôtel Étoile Maillot ****,Paris,France,4*,161.0,32.0,2025-01-05 00:05:00.000000,2025-01-19 23:55:00.000000,
Kouros Hotel & Suites *****,Mykonos,Grèce,5*,232.0,52.0,2025-01-05 00:05:00.000000,2025-01-19 23:55:00.000000,
Hotel Blancafort Spa Thermal ****,Catalogne,Espagne,4*,87.0,49.0,2025-01-12 00:05:00.000000,2025-01-19 23:55:00.000000,
L'Azure hotel **** SUP,Lloret de Mar,Espagne,4*,108.0,43.0,2025-01-05 00:05:00.000000,2025-01-19 23:55:00.000000,
Sonus Alpis - Adults Only ****,Alpes italiennes,Italie,4*,208.0,40.0,2025-01-05 00:05:00.000000,2025-01-19 23:55:00.000000,
Dreams Lanzarote Playa Dorada Resort & Spa *****,Lanzarote,Îles Canaries,5*,580.0,,2025-01-10 00:05:00.000000,2025-01-19 23:55:00.000000,
The Residence Tunis *****,Tunis,Tunisie,5*,213.0,53.0,2024-12-22 00:05:00.000000,2025-01-19 23:55:00.000000,
Mercure London Bridge ****,Londres,Royaume-Uni,4*,193.11,32.0,2024-12-29 00:05:00.000000,2025-01-19 23:55:00.000000,
Hilton Mauritius Resort & Spa *****,Flic en Flac,Île Maurice,5*,311.0,55.0,2025-01-05 00:05:00.000000,2025-01-19 23:55:00.000000,
Domaine du Mas de Pierre *****,Saint-Paul-de-Vence,France,5*,191.0,47.0,2025-01-02 00:05:00.000000,2025-01-19 23:55:00.000000,
Seabel Rym beach Djerba ****,Djerba,Tunisie,4*,61.0,56.0,2024-12-15 00:05:00.000000,2025-01-19 23:55:00.000000,
Les merveilles de l'Andalousie en toute liberté,Andalousie,Espagne,Other,625.0,0.0,2025-01-03 00:05:00.000000,2025-01-19 23:55:00.000000,
Hotel Costa Brava,Costa Brava,Espagne,Other,88.0,30.0,2025-01-05 00:05:00.000000,2025-01-19 23:55:00.000000,
Circuit privatif : Terres sacrées de Jordanie,,Jordanie,Other,1148.37,0.0,2025-01-16 00:05:00.000000,2025-01-20 23:55:00.000000,
Novotel Bordeaux Centre ****,Bordeaux,France,4*,97.0,43.0,2025-01-16 00:05:00.000000,2025-01-20 23:55:00.000000,
Hilton New York Times Square ****,New York,États-Unis,4*,255.0,31.0,2025-01-16 00:05:00.000000,2025-01-20 23:55:00.000000,
Hotel Hostalillo,Costa Brava,Espagne,Other,55.0,55.0,2025-01-16 00:05:00.000000,2025-01-20 23:55:00.000000,
XXXX,Ville,Pays,Other,194.95,,2025-01-15 00:05:00.000000,2025-01-20 23:55:00.000000,
Circuit privatif : le Vietnam à votre rythme,,Vietnam,Other,1564.82,0.0,2024-12-23 00:05:00.000000,2025-01-20 23:55:00.000000,
Circuit privatif : Trésors du Vietnam avec extension à la plage Mui Ne en option,,Vietnam,Other,882.39,0.0,2024-12-31 00:05:00.000000,2025-01-20 23:55:00.000000,
Residhome Arcachon Plazza ****,Arcachon,France,4*,80.0,37.0,2025-01-06 00:05:00.000000,2025-01-20 23:55:00.000000,
Martin's Brussels EU ****,Bruxelles,Belgique,4*,129.0,38.0,2025-01-06 00:05:00.000000,2025-01-20 23:55:00.000000,
Inntel Hotels Amsterdam Centre ****,Amsterdam,Pays-Bas,4*,155.0,32.0,2025-01-06 00:05:00.000000,2025-01-20 23:55:00.000000,
Wine & Books Porto Hotel *****,Porto,Portugal,5*,161.0,36.0,2025-01-06 00:05:00.000000,2025-01-20 23:55:00.000000,
Mercure La Baule Majestic ****,La Baule-Escoublac,France,4*,120.0,36.0,2025-01-06 00:05:00.000000,2025-01-20 23:55:00.000000,
Enterprise Boutique Hotel & Spa ****,Milan,Italie,4*,108.0,40.0,2025-01-06 00:05:00.000000,2025-01-20 23:55:00.000000,
Novotel London Tower Bridge ****,Londres,Royaume-Uni,4*,166.55,31.0,2025-01-05 00:05:00.000000,2025-01-20 23:55:00.000000,
Pullman Basel Europe ****,Bâle,Suisse,4*,131.96,45.0,2025-01-06 00:05:00.000000,2025-01-20 23:55:00.000000,
Hôtel Le Milie Rose ****,Paris,France,4*,90.0,49.0,2025-01-06 00:05:00.000000,2025-01-20 23:55:00.000000,
Tribe Paris La Défense ****,Courbevoie,France,4*,103.0,36.0,2025-01-06 00:05:00.000000,2025-01-20 23:55:00.000000,
Hôtel TRIBE Le Touquet ****,Le Touquet-Paris-Plage,France,4*,113.0,40.0,2025-01-06 00:05:00.000000,2025-01-20 23:55:00.000000,
TRIBE Paris Clichy ****,Clichy,France,4*,107.0,44.0,2025-01-06 00:05:00.000000,2025-01-20 23:55:00.000000,
Moxy Bordeaux,Bordeaux,France,Other,79.0,45.0,2025-01-05 00:05:00.000000,2025-01-20 23:55:00.000000,
Oaks Ibn Battuta Gate Dubai *****,Dubaï,Émirats arabes unis,5*,75.17,52.0,2025-01-06 00:05:00.000000,2025-01-20 23:55:00.000000,
Hotel 77 Seventy-Seven - Maison D'Art Collection ****,Rome,Italie,4*,105.0,45.0,2025-01-03 00:05:00.000000,2025-01-20 23:55:00.000000,
H10 Marina Barcelona ****,Barcelone,Espagne,4*,110.0,40.0,2025-01-06 00:05:00.000000,2025-01-20 23:55:00.000000,
Mercure Napoli Centro Angioino ****,Naples,Italie,4*,95.0,56.0,2025-01-06 00:05:00.000000,2025-01-20 23:55:00.000000,
NOOE Maldives Kunaavashi *****,,Maldives,5*,1784.2,31.0,2024-12-29 00:05:00.000000,2025-01-20 23:55:00.000000,
"The Ritz Carlton, Doha *****",Doha,Qatar,5*,255.25,42.0,2025-01-03 00:05:00.000000,2025-01-20 23:55:00.000000,
"Khalidiya Palace Rayhaan by Rotana, Abu Dhabi *****",Abu Dhabi,Émirats arabes unis,5*,98.0,50.0,2025-01-03 00:05:00.000000,2025-01-20 23:55:00.000000,
Hôtel Parister *****,Paris,France,5*,247.0,32.0,2025-01-13 00:05:00.000000,2025-01-21 23:55:00.000000,
XXXX,Ville,Pays,Other,244.0,,2025-01-15 00:05:00.000000,2025-01-21 23:55:00.000000,
Hôtel de Berri Champs Élysées *****,Paris,France,5*,450.0,41.0,2025-01-07 00:05:00.000000,2025-01-21 23:55:00.000000,
Grand Hôtel Champs-Elysées *****,Paris,France,5*,290.0,39.0,2025-01-07 00:05:00.000000,2025-01-21 23:55:00.000000,
Riad La Villa Bleue,Marrakech,Maroc,Other,94.0,53.0,2025-01-07 00:05:00.000000,2025-01-21 23:55:00.000000,
C.O.Q Hôtel ****,Paris,France,4*,155.0,44.0,2025-01-07 00:05:00.000000,2025-01-21 23:55:00.000000,
Hostellerie de l’Abbaye de la Celle - Maison Alain Ducasse *****,Var,France,5*,169.0,40.0,2025-01-08 00:05:00.000000,2025-01-21 23:55:00.000000,
Club Framissima Evasion Vitalclass Lanzarote ****,Lanzarote,Îles Canaries,4*,354.0,,2025-01-07 00:05:00.000000,2025-01-21 23:55:00.000000,
Marhaba Palace *****,Port El Kantaoui,Tunisie,5*,264.0,,2025-01-07 00:05:00.000000,2025-01-21 23:55:00.000000,
Widiane Resort *****,Bin El Ouidane,Maroc,5*,128.21,56.0,2024-12-29 00:05:00.000000,2025-01-21 23:55:00.000000,
Zoku Paris ****,Paris,France,4*,146.0,43.0,2025-01-07 00:05:00.000000,2025-01-21 23:55:00.000000,
The James New York - NoMad ****,New York,États-Unis,4*,170.93,63.0,2025-01-03 00:05:00.000000,2025-01-21 23:55:00.000000,
Ôclub Select Barceló Fuerteventura Castillo ****,Fuerteventura,Îles Canaries,4*,393.0,,2025-01-12 00:05:00.000000,2025-01-21 23:55:00.000000,
Sharm Club Beach Resort ****,Charm El-Cheikh,Égypte,4*,85.0,44.0,2024-12-31 00:05:00.000000,2025-01-21 23:55:00.000000,
Marriott Hurghada Resort *****,Hurghada,Égypte,5*,141.0,40.0,2025-01-07 00:05:00.000000,2025-01-21 23:55:00.000000,
MGallery Medina Thalassa Sea & Spa *****,Essaouira,Maroc,5*,99.45,52.0,2024-12-30 00:05:00.000000,2025-01-21 23:55:00.000000,
Callistos Hotel & Spa ****,Les Pouilles,Italie,4*,80.0,45.0,2025-01-03 00:05:00.000000,2025-01-21 23:55:00.000000,
Sofitel Marrakech Palais Impérial & Spa *****,Marrakech,Maroc,5*,202.81,54.0,2024-12-29 00:05:00.000000,2025-01-21 23:55:00.000000,
Occidental Sousse Marhaba by Barcelo ****,Sousse,Tunisie,4*,253.0,,2025-01-02 00:05:00.000000,2025-01-21 23:55:00.000000,
Mama Shelter Lisboa,Lisbonne,Portugal,Other,79.0,56.0,2025-01-03 06:00:00.000000,2025-01-22 05:00:00.000000,
Saint John Hotel Villas & Spa *****,Mykonos,Grèce,5*,220.0,31.0,2025-01-13 00:05:00.000000,2025-01-22 23:55:00.000000,
Dukes' Palace Residence,Bruges,Belgique,Other,149.0,50.0,2025-01-13 00:05:00.000000,2025-01-22 23:55:00.000000,
Hôtel le Prieuré,Bourgogne,France,Other,,,2025-01-17 00:05:00.000000,2025-01-22 23:55:00.000000,
Gypsophila Club Marine *****,Antalya,Turquie,5*,327.0,,2025-01-08 00:05:00.000000,2025-01-18 23:55:00.000000,
Hôtel La Folie des Près,Paris,France,Other,107.0,53.0,2025-01-08 00:05:00.000000,2025-01-18 23:55:00.000000,
Iberostar Selection Bavaro *****,Punta Cana,République dominicaine,5*,618.28,32.0,2025-01-08 00:05:00.000000,2025-01-18 23:55:00.000000,
RIU Palace Punta Cana *****,Punta Cana,République dominicaine,5*,1153.0,,2025-01-07 00:05:00.000000,2025-01-18 23:55:00.000000,
Maradiva Villas Resort & Spa *****,Flic-en-Flac,Île Maurice,5*,610.0,50.0,2025-01-08 00:05:00.000000,2025-01-18 23:55:00.000000,
Amarilis Hotel ****,Prague,République tchèque,4*,75.0,30.0,2025-01-10 00:05:00.000000,2025-01-18 23:55:00.000000,
Hôtel Monte Cristo ****,Paris,France,4*,164.0,46.0,2025-01-08 00:05:00.000000,2025-01-18 23:55:00.000000,
Vedana Lagoon Resort & Spa *****,Hué,Vietnam,5*,151.01,50.0,2025-01-08 00:05:00.000000,2025-01-18 23:55:00.000000,
Villa Oniria ****,Grenade,Espagne,4*,110.0,52.0,2025-01-08 00:05:00.000000,2025-01-18 23:55:00.000000,
Novotel Paris Saint-Denis Stade Basilique ****,Seine-Saint-Denis,France,4*,100.0,41.0,2025-01-08 00:05:00.000000,2025-01-18 23:55:00.000000,
Best Semiramis *****,Tenerife,Îles Canaries,5*,250.0,,2025-01-07 00:05:00.000000,2025-01-18 23:55:00.000000,
Hôtel Trianon Rive Gauche ****,Paris,France,4*,149.0,55.0,2025-01-02 00:05:00.000000,2025-01-18 23:55:00.000000,
"Higueron Hotel Malaga, Curio Collection by Hilton *****",Malaga,Espagne,5*,152.0,57.0,2025-01-08 00:05:00.000000,2025-01-18 23:55:00.000000,
Hôtel Écolodge - Domaine Riberach ****,Pyrénées-Orientales,France,4*,322.0,34.0,2025-01-16 00:05:00.000000,2025-01-23 23:55:00.000000,
Rocrita Lifestyle Beach Resort *****,Crète,Grèce,5*,193.0,50.0,2025-01-09 00:05:00.000000,2025-01-19 23:55:00.000000,
Renaissance Koh Samui Resort & Spa *****,Koh Samui,Thaïlande,5*,186.52,55.0,2025-01-09 00:05:00.000000,2025-01-19 23:55:00.000000,
Hôtel L'Antoine ****,Paris,France,4*,162.0,33.0,2025-01-09 00:05:00.000000,2025-01-19 23:55:00.000000,
Bordoy Alcudia Port Suites *****,Majorque,Espagne,5*,132.0,32.0,2025-01-09 00:05:00.000000,2025-01-19 23:55:00.000000,
Vitor's Village ****,Algarve,Portugal,4*,62.0,37.0,2025-01-09 00:05:00.000000,2025-01-19 23:55:00.000000,
Lisboa Plaza - Lisbon Heritage Collection **** SUP,Lisbonne,Portugal,4*,97.0,57.0,2025-01-10 00:05:00.000000,2025-01-19 23:55:00.000000,
Hotel Isa ****,Rome,Italie,4*,176.0,40.0,2025-01-02 00:05:00.000000,2025-01-19 23:55:00.000000,
Hotel Son Caliu Spa Oasis **** SUP,Majorque,Espagne,4*,141.0,51.0,2025-01-09 00:05:00.000000,2025-01-19 23:55:00.000000,
"Le Dokhan's Paris Arc de Triomphe, a Tribute Portfolio Hotel *****",Paris,France,5*,310.0,53.0,2025-01-09 00:05:00.000000,2025-01-19 23:55:00.000000,
AHG Riva Del Sole Hotel **** - Adults Only,Lac de Garde,Italie,4*,149.0,45.0,2025-01-09 00:05:00.000000,2025-01-19 23:55:00.000000,
Lopesan Villa del Conde Resort & Thalasso *****,Grande Canarie,Îles Canaries,5*,320.0,,2025-01-14 00:05:00.000000,2025-01-20 23:55:00.000000,
The Royal Purnama ***** - Adults Only,Bali,Indonésie,5*,160.09,50.0,2025-01-09 00:05:00.000000,2025-01-19 23:55:00.000000,
Royal Hotel Sanremo *****L,Sanremo,Italie,5*,213.0,45.0,2025-01-09 00:05:00.000000,2025-01-19 23:55:00.000000,
Village Sainte-Luce - Pierre & Vacances,Martinique,France,Other,58.0,55.0,2025-01-10 00:05:00.000000,2025-01-19 23:55:00.000000,
The Fives Beach Hotel & Residences *****,Playa del Carmen,Mexique,5*,251.57,55.0,2025-01-08 00:05:00.000000,2025-01-19 23:55:00.000000,
Village Pierre & Vacances - Sainte-Anne Guadeloupe,Guadeloupe,France,Other,55.0,55.0,2025-01-10 00:05:00.000000,2025-01-19 23:55:00.000000,
Dièse Hôtel Bastille,Paris,France,Other,98.0,32.0,2025-01-02 00:05:00.000000,2025-01-19 23:55:00.000000,
Luxury Bahia Principe Akumal ***** All Inclusive,Riviera Maya,Mexique,5*,678.94,50.0,2025-01-09 00:05:00.000000,2025-01-19 23:55:00.000000,
Club Coralia Landmar Playa La Arena ****,Tenerife,Îles Canaries,4*,744.0,,2025-01-10 00:05:00.000000,2025-01-20 23:55:00.000000,
Madame Drouot & Spa ****,Paris,France,4*,213.0,45.0,2025-01-03 00:05:00.000000,2025-01-20 23:55:00.000000,
Grand Hotel Faraglioni ****,Sicile,Italie,4*,99.0,42.0,2025-01-10 00:05:00.000000,2025-01-20 23:55:00.000000,
À la Cour d'Alsace ****,Obernai,France,4*,108.0,36.0,2025-01-10 00:05:00.000000,2025-01-20 23:55:00.000000,
Mercure Marseille Canebière Vieux Port ****,Marseille,France,4*,82.0,45.0,2025-01-10 00:05:00.000000,2025-01-20 23:55:00.000000,
Échappée crétoise,Crète,Grèce,Other,448.0,0.0,2025-01-03 00:05:00.000000,2025-01-20 23:55:00.000000,
Château d'Augerville Golf & Spa *****,Loiret,France,5*,199.0,42.0,2025-01-10 00:05:00.000000,2025-01-20 23:55:00.000000,
Ambassador Zlata Husa *****,Prague,République tchèque,5*,97.0,42.0,2025-01-10 00:05:00.000000,2025-01-20 23:55:00.000000,
Hotel Riu Baobab *****,Pointe Sarène,Sénégal,5*,791.0,,2025-01-10 00:05:00.000000,2025-01-20 23:55:00.000000,
NoMo Soho ****,New York,États-Unis,4*,95.0,52.0,2025-01-10 00:05:00.000000,2025-01-20 23:55:00.000000,
Hôtel Du Vieux Saule,Paris,France,Other,107.0,50.0,2025-01-10 00:05:00.000000,2025-01-20 23:55:00.000000,
Hotel Dukes' Palace *****,Bruges,Belgique,5*,179.0,44.0,2025-01-10 00:05:00.000000,2025-01-20 23:55:00.000000,
Aziza Thalasso & Golf **** - Adult Only +16,Hammamet,Tunisie,4*,239.0,,2025-01-10 00:05:00.000000,2025-01-20 23:55:00.000000,
Lou Calen,Provence,France,Other,165.0,44.0,2025-01-10 00:05:00.000000,2025-01-20 23:55:00.000000,
Hilton London Angel Islington ****,Londres,Royaume-Uni,4*,336.0,34.0,2025-01-10 00:05:00.000000,2025-01-20 23:55:00.000000,
Pullman Paris Centre Bercy ****,Paris,France,4*,160.0,49.0,2025-01-10 00:05:00.000000,2025-01-20 23:55:00.000000,
"Santorin, Naxos & Mykonos, à travers l’archipel unique",Cyclades,Grèce,Other,591.0,0.0,2025-01-03 00:05:00.000000,2025-01-20 23:55:00.000000,
Westotel Taverny - Paris Val-d'Oise ****,Île-de-France,France,4*,80.0,41.0,2025-01-10 00:05:00.000000,2025-01-20 23:55:00.000000,
Westotel Le Pouliguen ****,Le Pouliguen,France,4*,115.0,,2025-01-10 00:05:00.000000,2025-01-20 23:55:00.000000,
K'uyen Hotel boutique - Adults Only,Tulum,Mexique,Other,74.78,45.0,2025-01-10 00:05:00.000000,2025-01-20 23:55:00.000000,
The Pelican Beach Resort & Spa ****S - Adults Only,Sardaigne,Italie,4*,139.0,39.0,2025-01-10 00:05:00.000000,2025-01-20 23:55:00.000000,
Hôtel La Plage *****,La Grande-Motte,France,5*,105.0,49.0,2025-01-10 00:05:00.000000,2025-01-20 23:55:00.000000,
Bluebay Beach Resort & Spa ***** avec extension safari,,Tanzanie,5*,1412.0,40.0,2025-01-10 00:05:00.000000,2025-01-20 23:55:00.000000,
Gara Suites Golf & Spa ****,Tenerife,Îles Canaries,4*,285.0,,2025-01-15 00:05:00.000000,2025-01-21 23:55:00.000000,
Park Hotel San Jorge ****,Costa Brava,Espagne,4*,59.0,56.0,2025-01-03 00:05:00.000000,2025-01-20 23:55:00.000000,
Sofitel Marseille Vieux Port *****,Marseille,France,5*,187.0,50.0,2025-01-03 00:05:00.000000,2025-01-20 23:55:00.000000,
Kraft Hôtel Paris ****,Paris,France,4*,139.0,63.0,2025-01-10 00:05:00.000000,2025-01-20 23:55:00.000000,
Boutique Hôtel des Remparts & Spa *****,Aigues-Mortes,France,5*,165.0,50.0,2025-01-10 00:05:00.000000,2025-01-20 23:55:00.000000,
La Licorne Hôtel & Spa ****,Normandie,France,4*,167.0,41.0,2025-01-10 00:05:00.000000,2025-01-20 23:55:00.000000,
Auberge de Cassagne & Spa *****,Avignon,France,5*,154.0,50.0,2025-01-10 00:05:00.000000,2025-01-20 23:55:00.000000,
Hôtel Le Cep & Spa *****,Bourgogne,France,5*,303.0,41.0,2025-01-10 00:05:00.000000,2025-01-20 23:55:00.000000,
L'Esquisse Barbizon - Teritoria ****,Seine-et-Marne,France,4*,292.0,39.0,2025-01-10 00:05:00.000000,2025-01-20 23:55:00.000000,
Villa Duflot ****,Perpignan,France,4*,142.0,50.0,2025-01-10 00:05:00.000000,2025-01-20 23:55:00.000000,
"Radisson Collection Hotel, Palazzo Nani Venice *****",Venise,Italie,5*,250.0,35.0,2025-01-10 00:05:00.000000,2025-01-20 23:55:00.000000,
Maison Athénée ****,Paris,France,4*,215.0,43.0,2025-01-03 00:05:00.000000,2025-01-20 23:55:00.000000,
Kappa Resort,Chalcidique,Grèce,Other,151.0,38.0,2025-01-10 00:05:00.000000,2025-01-20 23:55:00.000000,
La Villa Douce ****,Côte d'Azur,France,4*,130.0,37.0,2025-01-10 00:05:00.000000,2025-01-20 23:55:00.000000,
The Residence Maldives at Dhigurah *****,,Maldives,5*,1776.44,37.0,2024-12-27 00:05:00.000000,2025-01-20 23:55:00.000000,
Le Metropolitan Paris Tour Eiffel *****,Paris,France,5*,330.0,43.0,2025-01-10 00:05:00.000000,2025-01-20 23:55:00.000000,
Elounda Palm Hotel & Suites ****,Crète,Grèce,4*,98.0,51.0,2025-01-07 00:05:00.000000,2025-01-20 23:55:00.000000,
Circuit privatif : Grand Tour Impérial du Maroc avec aventure dans le désert,,Maroc,Other,1073.0,40.0,2024-07-05 00:05:00.000000,2025-01-20 23:55:00.000000,
Novotel Paris Centre Bercy  ****,Paris,France,4*,131.0,44.0,2025-01-16 00:05:00.000000,2025-01-25 23:55:00.000000,
"The Royal Blue, a Luxury Beach Resort *****",Crète,Grèce,5*,150.0,45.0,2025-01-05 00:05:00.000000,2025-01-21 23:55:00.000000,
Swissôtel Resort Bodrum Beach *****,Bodrum,Turquie,5*,180.0,31.0,2025-01-05 00:05:00.000000,2025-01-22 23:55:00.000000,
Hôtel Le Six ****,Paris,France,4*,191.0,46.0,2025-01-12 00:05:00.000000,2025-01-22 23:55:00.000000,
Al Maaden Villa Hotel & Spa *****,Marrakech,Maroc,5*,263.56,55.0,2025-01-10 00:05:00.000000,2025-01-22 23:55:00.000000,
"Radisson Collection Hotel, Santa Sofia Milan *****",Milan,Italie,5*,256.0,38.0,2025-01-12 00:05:00.000000,2025-01-22 23:55:00.000000,
Hotel & SPA Niunit ****,El Serrat,Andorre,4*,119.0,44.0,2025-01-12 00:05:00.000000,2025-01-22 23:55:00.000000,
TRIBE Lyon Croix Rousse ****,Lyon,France,4*,84.0,44.0,2025-01-12 00:05:00.000000,2025-01-22 23:55:00.000000,
Barceló Illetas Albatros **** - Adults Only,Majorque,Espagne,4*,143.0,35.0,2025-01-12 00:05:00.000000,2025-01-22 23:55:00.000000,
Hôtel de Bourgtheroulde *****,Rouen,France,5*,209.0,44.0,2025-01-12 00:05:00.000000,2025-01-22 23:55:00.000000,
Insotel Cala Mandia Resort ****,Majorque,Espagne,4*,157.0,52.0,2025-01-12 00:05:00.000000,2025-01-22 23:55:00.000000,
Hôtel du Port ****,Val-de-Marne,France,4*,94.0,48.0,2025-01-12 00:05:00.000000,2025-01-22 23:55:00.000000,
"Radisson Collection Hotel, Roma Antica *****",Rome,Italie,5*,275.0,40.0,2025-01-12 00:05:00.000000,2025-01-22 23:55:00.000000,
Hôtel Mercure Trouville-sur-Mer ****,Trouville-sur-Mer,France,4*,86.0,43.0,2025-01-12 00:05:00.000000,2025-01-22 23:55:00.000000,
Absolute Kiotari Resort ****,Rhodes,Grèce,4*,92.0,49.0,2025-01-12 00:05:00.000000,2025-01-22 23:55:00.000000,
Blau Colònia Sant Jordi ****,Majorque,Espagne,4*,113.0,34.0,2025-01-12 00:05:00.000000,2025-01-22 23:55:00.000000,
Hôtel Sofitel Biarritz Le Miramar Thalassa Sea & spa *****,Biarritz,France,5*,189.0,49.0,2025-01-05 00:05:00.000000,2025-01-22 23:55:00.000000,
Helea Lifestyle Beach Resort *****,Rhodes,Grèce,5*,256.0,38.0,2025-01-12 00:05:00.000000,2025-01-22 23:55:00.000000,
The Marmara Taksim *****,Istanbul,Turquie,5*,184.0,39.0,2025-01-12 00:05:00.000000,2025-01-22 23:55:00.000000,
Grand Hôtel Roi René Aix en Provence Centre MGallery ****,Aix-en-Provence,France,4*,112.0,48.0,2025-01-05 00:05:00.000000,2025-01-22 23:55:00.000000,
Inara Camp,Désert d'Agafay,Maroc,Other,177.78,54.0,2025-01-09 00:05:00.000000,2025-01-22 23:55:00.000000,
Suites of the Gods Cave Spa Suites *****,Santorin,Grèce,5*,155.0,63.0,2025-01-05 00:05:00.000000,2025-01-22 23:55:00.000000,
Château L’Hospitalet Wine Resort Beach & Spa *****,Narbonne,France,5*,189.0,57.0,2025-01-05 00:05:00.000000,2025-01-22 23:55:00.000000,
La Maison Verchant,Hérault,France,Other,149.0,39.0,2025-01-05 00:05:00.000000,2025-01-22 23:55:00.000000,
Aksari Villa Seminyak by Ini Vie Hospitality *****,Bali,Indonésie,5*,132.0,39.0,2025-01-12 00:05:00.000000,2025-01-22 23:55:00.000000,
Alua Boccaccio ****,Majorque,Espagne,4*,282.0,,2025-01-17 00:05:00.000000,2025-01-23 23:55:00.000000,
Park Hyatt Dubaï *****,Dubaï,Émirats arabes unis,5*,225.1,37.0,2025-01-12 00:05:00.000000,2025-01-22 23:55:00.000000,
Palazzo Castri 1874 ****,Florence,Italie,4*,156.0,45.0,2025-01-12 00:05:00.000000,2025-01-22 23:55:00.000000,
Sol Fuerteventura Jandia - All Suites ****,Fuerteventura,Îles Canaries,4*,434.0,,2025-01-17 00:05:00.000000,2025-01-23 23:55:00.000000,
Hôtel Jules César Arles MGallery *****,Arles,France,5*,127.0,41.0,2025-01-05 00:05:00.000000,2025-01-22 23:55:00.000000,
Hôtel La Conversation,Paris,France,Other,149.0,18.0,2025-01-16 00:05:00.000000,2025-01-22 23:55:00.000000,
Bali authentique entre sérénité d’Ubud et effervescence de Canggu,Bali,Indonésie,Other,390.46,0.0,2025-01-03 00:05:00.000000,2025-01-18 23:55:00.000000,
Demeures & Châteaux Hôtel de la Porte Saint Malo,Dinan,France,Other,70.0,61.0,2025-01-13 00:05:00.000000,2025-01-18 23:55:00.000000,
Molitor Paris ***** - MGallery,Paris,France,5*,273.0,38.0,2025-01-13 00:05:00.000000,2025-01-18 23:55:00.000000,
Residence Dar Lamia - Hotel & Spa ****,Marrakech,Maroc,4*,90.0,54.0,2025-01-13 00:05:00.000000,2025-01-18 23:55:00.000000,
Hotel Villa Romantic & Spa ****,Paris,France,4*,130.0,50.0,2025-01-13 00:05:00.000000,2025-01-18 23:55:00.000000,
Riu Cabo Verde ***** - Adults Only,Île de Sal,Cap-Vert,5*,898.0,,2025-01-13 00:05:00.000000,2025-01-18 23:55:00.000000,
Entre break urbain & pause farniente en Thaïlande,,Thaïlande,Other,1461.0,,2025-01-13 00:05:00.000000,2025-01-18 23:55:00.000000,
Yotel Geneva Lake ****,Genève,Suisse,4*,100.14,54.0,2025-01-13 00:05:00.000000,2025-01-18 23:55:00.000000,
Our Habitas Bacalar ***** - Adults Only,Bacalar,Mexique,5*,201.82,40.0,2025-01-12 00:05:00.000000,2025-01-18 23:55:00.000000,
Maison Eugénie ****,Paris,France,4*,102.0,63.0,2025-01-06 00:05:00.000000,2025-01-18 23:55:00.000000,
Hôtel de Silhouette ****,Biarritz,France,4*,156.0,44.0,2025-01-13 00:05:00.000000,2025-01-18 23:55:00.000000,
Le Grand Hôtel Cabourg - MGallery *****,Cabourg,France,5*,244.0,52.0,2025-01-06 00:05:00.000000,2025-01-18 23:55:00.000000,
Hôtel Royal Garden Palace *****,Djerba,Tunisie,5*,352.0,,2025-01-13 00:05:00.000000,2025-01-19 23:55:00.000000,
L'Agapa Hotel & Spa *****,Bretagne,France,5*,187.0,41.0,2025-01-14 00:05:00.000000,2025-01-20 23:55:00.000000,
S'Agaró Hotel Spa & Wellness ****,Costa Brava,Espagne,4*,70.0,51.0,2025-01-14 00:05:00.000000,2025-01-20 23:55:00.000000,
Cavalta Boutique Hotel *****GL,Séville,Espagne,5*,88.0,64.0,2025-01-14 00:05:00.000000,2025-01-20 23:55:00.000000,
Croisière dans les splendeurs ibériques avec CFC,,Péninsule Ibérique,Other,1388.0,20.0,2025-01-14 00:05:00.000000,2025-01-20 23:55:00.000000,
Croisière au Pays des Trolls avec CFC,,Scandinavie,Other,2176.0,20.0,2025-01-14 00:05:00.000000,2025-01-20 23:55:00.000000,
"H4 Hotel Wyndham, Paris Pleyel Resort ****",Seine-Saint-Denis,France,4*,191.0,44.0,2025-01-14 00:05:00.000000,2025-01-20 23:55:00.000000,
Ki Space Hotel & Spa | Près de Disneyland Paris ****,Seine-et-Marne,France,4*,188.0,33.0,2025-01-14 00:05:00.000000,2025-01-20 23:55:00.000000,
Langley Resort Fort Royal ****,Guadeloupe,France,4*,145.0,47.0,2025-01-14 00:05:00.000000,2025-01-20 23:55:00.000000,
Château de la Tour ****,Chantilly,France,4*,85.0,0.0,2025-01-14 00:05:00.000000,2025-01-20 23:55:00.000000,
Domaine de la Bretesche *****,Loire-Atlantique,France,5*,221.0,42.0,2025-01-14 00:05:00.000000,2025-01-20 23:55:00.000000,
Hyatt House New York Chelsea,New York,États-Unis,Other,163.0,48.0,2025-01-14 00:05:00.000000,2025-01-20 23:55:00.000000,
NH Collection Sevilla ****,Séville,Espagne,4*,106.0,41.0,2025-01-14 00:05:00.000000,2025-01-20 23:55:00.000000,
Mercure Annecy Centre ****,Annecy,France,4*,95.0,38.0,2025-01-16 00:05:00.000000,2025-01-22 23:55:00.000000,
Hôtel 56 Bordeaux ****,Bordeaux,France,4*,99.0,62.0,2025-01-14 00:05:00.000000,2025-01-20 23:55:00.000000,
Sofitel Thalassa Sea & Spa *****,Agadir,Maroc,5*,213.53,51.0,2025-01-12 00:05:00.000000,2025-01-19 23:55:00.000000,
Pullman Paris La Défense *****,La Défense,France,5*,151.0,57.0,2025-01-07 00:05:00.000000,2025-01-19 23:55:00.000000,
Grand Hotel Sitea *****,Turin,Italie,5*,159.0,45.0,2025-01-09 00:05:00.000000,2025-01-19 23:55:00.000000,
Hotel Calzaiuoli ****,Florence,Italie,4*,177.0,32.0,2025-01-14 00:05:00.000000,2025-01-20 23:55:00.000000,
Royal Emeraude Dinard - MGallery ****,Dinard,France,4*,118.0,56.0,2025-01-05 00:05:00.000000,2025-01-20 23:55:00.000000,
"Grand Hôtel des Sablettes Plage, Curio Collection by Hilton ****",La Seyne-sur-Mer,France,4*,149.0,38.0,2025-01-15 00:05:00.000000,2025-01-21 23:55:00.000000,
Aregai Marina Hotel & Residence ****,Ligurie,Italie,4*,109.0,42.0,2025-01-15 00:05:00.000000,2025-01-21 23:55:00.000000,
Grand Hôtel Henri ****,L'Isle-sur-la-Sorgue,France,4*,77.0,38.0,2025-01-15 00:05:00.000000,2025-01-21 23:55:00.000000,
Hotel Santanyi Port ****,Majorque,Espagne,4*,83.0,41.0,2025-01-15 00:05:00.000000,2025-01-21 23:55:00.000000,
Drawing Hotel ****,Paris,France,4*,198.0,32.0,2025-01-15 00:05:00.000000,2025-01-21 23:55:00.000000,
La Regalido – Demeure en Provence ****,Provence,France,4*,95.0,53.0,2025-01-15 00:05:00.000000,2025-01-21 23:55:00.000000,
Barcelo Concorde Green Park Palace *****,Sousse,Tunisie,5*,255.0,,2025-01-15 00:05:00.000000,2025-01-21 23:55:00.000000,
Hotel da Rocha ****,Algarve,Portugal,4*,112.0,39.0,2025-01-15 00:05:00.000000,2025-01-21 23:55:00.000000,
Hôtel Atmospheres ****,Paris,France,4*,145.0,52.0,2025-01-15 00:05:00.000000,2025-01-21 23:55:00.000000,
Martin's Château du Lac *****,Genval,Belgique,5*,139.0,40.0,2025-01-15 00:05:00.000000,2025-01-21 23:55:00.000000,
Hilton Lille ****,Lille,France,4*,119.0,40.0,2025-01-15 00:05:00.000000,2025-01-21 23:55:00.000000,
Le Florida,Gers,France,Other,120.0,47.0,2025-01-15 00:05:00.000000,2025-01-21 23:55:00.000000,
Masseria Ferarelli Trepizzi,Les Pouilles,Italie,Other,106.0,45.0,2025-01-15 00:05:00.000000,2025-01-21 23:55:00.000000,
Cydonia Caves,Santorin,Grèce,Other,194.0,42.0,2025-01-15 00:05:00.000000,2025-01-21 23:55:00.000000,
Andaz Dubai The Palm - a concept by Hyatt *****,Dubaï,Émirats arabes unis,5*,158.8,50.0,2025-01-15 00:05:00.000000,2025-01-21 23:55:00.000000,
La Havane & Varadero en un séjour prestigieux,,Cuba : La Havane & Varadero,Other,997.0,,2025-01-15 00:05:00.000000,2025-01-21 23:55:00.000000,
Domaine de la Font des Pères,Var,France,Other,56.0,30.0,2025-01-15 00:05:00.000000,2025-01-21 23:55:00.000000,
Château du Clos de la Ribaudière ****,Nouvelle Aquitaine,France,4*,60.0,0.0,2025-01-15 00:05:00.000000,2025-01-21 23:55:00.000000,
Hôtel N’vY Genève ****,Genève,Suisse,4*,180.76,46.0,2025-01-15 00:05:00.000000,2025-01-21 23:55:00.000000,
La Gentilhommière,Bourgogne,France,Other,62.0,30.0,2025-01-15 00:05:00.000000,2025-01-21 23:55:00.000000,
Zazen Boutique Resort & Spa ****,Koh Samui,Thaïlande,4*,202.67,49.0,2025-01-15 00:05:00.000000,2025-01-21 23:55:00.000000,
The 8 Downtown Suites,Lisbonne,Portugal,Other,76.0,32.0,2025-01-15 00:05:00.000000,2025-01-21 23:55:00.000000,
Hotel Jehan de Beauce ****,Chartres,France,4*,68.0,56.0,2025-01-15 00:05:00.000000,2025-01-21 23:55:00.000000,
Almar Giardino di Costanza Resort & SPA *****,Sicile,Italie,5*,165.0,42.0,2025-01-15 00:05:00.000000,2025-01-21 23:55:00.000000,
Keliki Luxury Lodge *****,Bali,Indonésie,5*,206.67,60.0,2025-01-15 00:05:00.000000,2025-01-21 23:55:00.000000,
Maison Bérard & Spa ****,La Cadière-d'Azur,France,4*,80.0,0.0,2025-01-15 00:05:00.000000,2025-01-21 23:55:00.000000,
Hôtel Origines par Adrien Descouls *****,Puy-de-Dôme,France,5*,82.0,0.0,2025-01-15 00:05:00.000000,2025-01-21 23:55:00.000000,
Fairmont The Palm *****,Dubaï,Émirats arabes unis,5*,234.72,50.0,2025-01-15 00:05:00.000000,2025-01-21 23:55:00.000000,
Hyatt Regency Taghazout *****,Taghazout,Maroc,5*,188.15,55.0,2025-01-17 00:05:00.000000,2025-01-23 23:55:00.000000,
Hôtel Restaurant Baud ****,Haute Savoie,France,4*,120.0,47.0,2025-01-15 00:05:00.000000,2025-01-21 23:55:00.000000,
Hotel Empordà Golf Resort ****,Costa Brava,Espagne,4*,136.0,35.0,2025-01-08 00:05:00.000000,2025-01-20 23:55:00.000000,
Château du Theil ****,Corrèze,France,4*,48.0,0.0,2025-01-15 00:05:00.000000,2025-01-21 23:55:00.000000,
Barcelo Bavaro Palace ***** All Inclusive,Punta Cana,République Dominicaine,5*,596.72,35.0,2025-01-16 00:05:00.000000,2025-01-22 23:55:00.000000,
Conrad Las Vegas At Resorts World *****,Las Vegas,États-Unis,5*,297.87,63.0,2025-01-16 00:05:00.000000,2025-01-22 23:55:00.000000,
Mercure Amsterdam Sloterdijk Station ****,Amsterdam,Pays-Bas,4*,68.0,48.0,2025-01-16 00:05:00.000000,2025-01-22 23:55:00.000000,
Sofitel Saigon Plaza *****,Ho Chi Minh Ville,Vietnam,5*,174.65,37.0,2025-01-16 00:05:00.000000,2025-01-22 23:55:00.000000,
Velamar Boutique Hotel - Adults Friendly,Algarve,Portugal,Other,45.0,45.0,2025-01-16 00:05:00.000000,2025-01-22 23:55:00.000000,
Medina Solaria And Thalasso *****,Hammamet,Tunisie,5*,199.0,0.0,2025-01-16 00:05:00.000000,2025-01-22 23:55:00.000000,
Mercure Rambouillet Relays du Château ****,Rambouillet,France,4*,96.0,51.0,2025-01-16 00:05:00.000000,2025-01-22 23:55:00.000000,
Swissotel Tallinn,Tallinn,Estonie,Other,92.0,65.0,2025-01-16 00:05:00.000000,2025-01-22 23:55:00.000000,
Novotel London Canary Wharf ****,Londres,Royaume-Uni,4*,170.05,37.0,2025-01-16 00:05:00.000000,2025-01-22 23:55:00.000000,
OCEAN Coral & Turquesa Beach Resort *****,Riviera Maya,Mexique,5*,1410.0,,2025-01-16 00:05:00.000000,2025-01-22 23:55:00.000000,
TRIBE Milano Malpensa ****,Milan,Italie,4*,91.0,41.0,2025-01-16 00:05:00.000000,2025-01-22 23:55:00.000000,
Circuit groupé : Légendes de l'Égypte et Mer Rouge à Hurghada avec extension au Caire,,Égypte,Other,1521.13,40.0,2024-12-19 00:05:00.000000,2025-01-22 23:55:00.000000,
Circuit privatif : périple en Inde et farniente de rêve aux Maldives,,Inde & Maldives,Other,2365.67,30.0,2024-12-18 00:05:00.000000,2025-01-22 23:55:00.000000,
Circuit privatif : visite privée de Bali et des îles Gili.,,Indonésie : Bali & Gili Trawangan,Other,1042.0,0.0,2024-12-10 00:05:00.000000,2025-01-22 23:55:00.000000,
Circuit privatif : Sublime échappée au Vietnam avec extension à la plage en option,,Vietnam,Other,1458.04,0.0,2024-12-30 00:05:00.000000,2025-01-22 23:55:00.000000,
Circuit groupé : Grand tour de luxe en Égypte,,Égypte,Other,1977.38,32.0,2025-01-04 00:05:00.000000,2025-01-22 23:55:00.000000,
Circuit privatif : à la découverte des trésors des Maldives et du Sri Lanka,,Sri Lanka et Maldives,Other,2438.0,0.0,2025-01-04 00:05:00.000000,2025-01-22 23:55:00.000000,
Le meilleur du Costa Rica et détente sur les plages de Bocas del Toro,,Costa Rica,Other,1925.0,0.0,2024-12-19 00:05:00.000000,2025-01-22 23:55:00.000000,
"De la Havane à Varadero, découvrez Cuba, la perle des Caraïbes",,Cuba : La Havane & Varadero,Other,546.0,0.0,2024-12-24 00:05:00.000000,2025-01-22 23:55:00.000000,
Mercure Omaha Beach ****,Calvados,France,4*,99.0,56.0,2025-01-10 00:05:00.000000,2025-01-22 23:55:00.000000,
Royal Lagoon Resort & Aqua Park *****,Hurghada,Égypte,5*,528.0,43.0,2025-01-14 00:05:00.000000,2025-01-20 23:55:00.000000,
Une à deux semaines de découvertes & de farniente à Cuba,,Cuba : La Havane & Trinidad,Other,715.0,0.0,2025-01-02 00:05:00.000000,2025-01-22 23:55:00.000000,
À la découverte de la Riviera Albanaise en toute liberté,,Albanie,Other,592.0,0.0,2025-01-15 00:05:00.000000,2025-01-21 23:55:00.000000,
Labranda Ephesus Princess *****,Izmir,Turquie,5*,89.0,34.0,2025-01-15 00:05:00.000000,2025-01-21 23:55:00.000000,
Hôtel Ermitage *****,Le Mont-Saint-Michel,France,5*,275.0,44.0,2025-01-17 00:05:00.000000,2025-01-23 23:55:00.000000,
Le Méridien Maldives Resort & Spa *****,,Maldives,5*,2479.24,51.0,2025-01-15 00:05:00.000000,2025-01-21 23:55:00.000000,
The Roseate Edinburgh *****,Édimbourg,Écosse,5*,183.63,40.0,2025-01-06 00:05:00.000000,2025-01-22 23:55:00.000000,
Hôtel Novotel Belleville Paris 20 ****,Paris,France,4*,140.0,35.0,2025-01-17 00:05:00.000000,2025-01-23 23:55:00.000000,
Villa Royale Montsouris,Paris,France,Other,108.0,40.0,2025-01-17 00:05:00.000000,2025-01-23 23:55:00.000000,
Paradise Beach Resort ****,Koh Samui,Thaïlande,4*,75.79,53.0,2025-01-15 00:05:00.000000,2025-01-21 23:55:00.000000,
"Nido, Mar-Bella Collection ***** - Adults Only",Corfou,Grèce,5*,174.0,49.0,2025-01-17 00:05:00.000000,2025-01-23 23:55:00.000000,
"Circuit privatif : Sri Lanka, une expérience à vivre dans des hôtels Deluxe",,Sri Lanka,Other,1292.04,0.0,2024-07-13 00:05:00.000000,2025-01-22 23:55:00.000000,
"NUMO Ierapetra Beach Resort Crete, Curio Collection by Hilton *****",Crète,Grèce,5*,128.0,46.0,2025-01-17 00:05:00.000000,2025-01-23 23:55:00.000000,
Hôtel Saint Charles Val Cenis ****,Savoie,France,4*,147.0,41.0,2025-01-17 00:05:00.000000,2025-01-23 23:55:00.000000,
Hotel Sol Ixent - Adults only,Cadaqués,Espagne,Other,138.0,40.0,2025-01-17 00:05:00.000000,2025-01-23 23:55:00.000000,
Mitsis Ramira Beach Hotel *****,Kos,Grèce,5*,752.0,,2025-01-17 00:05:00.000000,2025-01-23 23:55:00.000000,
"Cala San Miguel Hotel Ibiza, Curio Collection by Hilton - Adults Only *****",Ibiza,Espagne,5*,229.0,35.0,2025-01-17 00:05:00.000000,2025-01-23 23:55:00.000000,
Royal Thalassa Monastir *****,Monastir,Tunisie,5*,262.0,56.0,2025-01-17 00:05:00.000000,2025-01-23 23:55:00.000000,
Bijou Hôtel Paris Boulogne,Boulogne-Billancourt,France,Other,173.0,,2025-01-17 00:05:00.000000,2025-01-23 23:55:00.000000,
K+K Hotel Opera ****,Budapest,Hongrie,4*,95.0,32.0,2025-01-17 00:05:00.000000,2025-01-23 23:55:00.000000,
Waldorf Astoria Orlando *****,Orlando,États-Unis,5*,289.0,,2025-01-17 00:05:00.000000,2025-01-23 23:55:00.000000,
NH Collection Roma Vittorio Veneto ****,Rome,Italie,4*,108.0,38.0,2025-01-17 00:05:00.000000,2025-01-23 23:55:00.000000,
Logis Hôtel Le Fleuray,Centre-Val de Loire,France,Other,78.0,45.0,2025-01-17 00:05:00.000000,2025-01-23 23:55:00.000000,
Les maisons du Pont ****,Creuse,France,4*,124.0,,2025-01-17 00:05:00.000000,2025-01-23 23:55:00.000000,
InterContinental Dubai Festival City *****,Dubaï,Émirats arabes unis,5*,154.46,49.0,2025-01-09 00:05:00.000000,2025-01-22 23:55:00.000000,
Hôtel & Spa Le Pavillon *****,Métropole de Lyon,France,5*,209.0,30.0,2025-01-17 00:05:00.000000,2025-01-23 23:55:00.000000,
Hôtel de Diane ****,Côtes-d'Armor,France,4*,117.0,33.0,2025-01-17 00:05:00.000000,2025-01-23 23:55:00.000000,
"Au fil du Danube : Vienne, Budapest et les portes de fer avec Rivages du Monde",,Le Danube,Other,2345.0,0.0,2025-01-17 00:05:00.000000,2025-01-23 23:55:00.000000,
Paradise Kho Yao ****,Phang Nga,Thaïlande,4*,79.83,47.0,2025-01-17 00:05:00.000000,2025-01-23 23:55:00.000000,
Canopy by Hilton Cannes ****,Cannes,France,4*,158.0,40.0,2025-01-17 00:05:00.000000,2025-01-23 23:55:00.000000,
Cardo Brussels - Autograph Collection ****,Bruxelles,Belgique,4*,169.0,31.0,2025-01-17 00:05:00.000000,2025-01-23 23:55:00.000000,
Minos Ambassador Suites & Spa - Adults Only *****,Crète,Grèce,5*,107.0,62.0,2025-01-17 00:05:00.000000,2025-01-23 23:55:00.000000,
Golden Tulip Aix-les-Bains - Hôtel et Spa ****,Aix-les-Bains,France,4*,150.0,27.0,2025-01-17 00:05:00.000000,2025-01-23 23:55:00.000000,
The Russelior Hôtel & Spa *****,Hammamet,Tunisie,5*,278.0,,2025-01-17 00:05:00.000000,2025-01-23 23:55:00.000000,
Hôtel & Spa Les Terrasses d'Eze ****,Côte d'Azur,France,4*,126.0,50.0,2025-01-17 00:05:00.000000,2025-01-23 23:55:00.000000,
Llaut Boutique Hotel ****,Majorque,Espagne,4*,73.0,41.0,2025-01-17 00:05:00.000000,2025-01-23 23:55:00.000000,
H10 Tenerife Playa ****,Tenerife,Espagne,4*,,,2025-01-18 00:05:00.000000,2025-01-18 00:05:00.000000,
"Victory House, London Leicester Square ****",Londres,Royaume-Uni,4*,392.0,33.0,2024-12-31 00:05:00.000000,2025-01-19 23:55:00.000000,
20 Degrés Sud Boutique Hotel *****,Grand Baie,Île Maurice,5*,354.0,54.0,2025-01-17 00:05:00.000000,2025-01-23 23:55:00.000000,
Paradis Plage Surf Yoga & Spa Resort *****,Agadir,Maroc,5*,120.0,56.0,2025-01-17 00:05:00.000000,2025-01-23 23:55:00.000000,
Circuit : voyage culinaire au Vietnam avec extension plage en option,,Vietnam,Other,1439.0,0.0,2025-01-03 00:05:00.000000,2025-01-20 23:55:00.000000,
"Bangkok & îles paradisiaques, immersion dans deux faces de la Thaïlande",,Thaïlande,Other,1272.63,0.0,2025-01-10 00:05:00.000000,2025-01-20 23:55:00.000000,
"Voyage d’exception entre rizières, plages et luxe balinais",Indonésie : Ubud,"Gili, Canggu",Other,503.71,0.0,2025-01-08 00:05:00.000000,2025-01-20 23:55:00.000000,
"Circuit : À la découverte de Tokyo et Kyoto en 7, 9, 11 ou 13 nuits",,Japon,Other,372.0,0.0,2025-01-10 00:05:00.000000,2025-01-20 23:55:00.000000,
Plazuela del Carbón Suites,Cadix,Espagne,Other,85.0,50.0,2025-01-19 00:05:00.000000,2025-01-19 00:05:00.000000,
Framissima Évasion Elion Seaside Resort *****,Vasiliko,Grèce,5*,,,2025-01-18 00:05:00.000000,2025-01-18 00:05:00.000000,
Riad à Marrakech,Marrakech,Maroc,Other,71.0,58.0,2025-01-17 00:05:00.000000,2025-01-23 23:55:00.000000,
"Ubud, Lombok et Seminyak en hôtels 4 étoiles",Indonésie : Ubud,Lombok & Seminyak,Other,586.82,0.0,2025-01-17 00:05:00.000000,2025-01-25 23:55:00.000000,
Circuit privatif : les incontournables de la Thaïlande avec extension à Krabi,,Thaïlande,Other,1468.71,0.0,2025-01-08 00:05:00.000000,2025-01-27 23:55:00.000000,
Circuit privatif : Les charmes du Cambodge avec extension en option sur l’île de Koh Rong,,Cambodge,Other,1288.16,0.0,2025-01-16 00:05:00.000000,2025-01-31 23:55:00.000000,
Circuit groupé : Découvrez les grands mystères de l'Égypte ancienne,,Égypte,Other,823.18,43.0,2024-09-02 00:05:00.000000,2025-01-31 23:55:00.000000,
Circuit privatif : Palais et déserts du Rajasthan 9 ou 13 nuits en hôtels de luxe,,Inde,Other,1250.3,35.0,2024-07-30 00:05:00.000000,2025-01-31 23:55:00.000000,
Circuit privatif : le Vietnam et le Cambodge à votre rythme,,Vietnam et Cambodge,Other,1512.4,0.0,2025-01-17 00:05:00.000000,2025-01-31 23:55:00.000000,
H10 London Waterloo ****,Londres,Royaume-Uni,4*,186.33,33.0,2025-02-02 00:05:00.000000,2025-02-02 00:05:00.000000,
Framissima Abora Interclub Atlantic by Lopesan Hotels ****,Grande Canarie,Îles Canaries,4*,419.0,,2025-02-07 00:05:00.000000,2025-02-07 00:05:00.000000,
Circuit groupé : Les joyaux de la Jordanie en 4* ou 5*,,Jordanie,Other,644.56,0.0,2025-01-12 00:05:00.000000,2025-02-14 23:55:00.000000,
Tour du monde en avion privatisé : Visages et Civilisations du Monde avec Ciels du Monde,3 continents,9 pays,Other,21900.0,0.0,2024-11-21 00:05:00.000000,2025-06-16 23:55:00.000000,
Domaine du Ferret Restaurant & Spa **** - Dernière minute,Lège-Cap-Ferret,France,4*,132.0,,2024-12-13 00:05:00.000000,2026-12-31 23:55:00.000000,X
Le Clocher de Rodez - Dernière minute,Toulouse,France,Other,81.0,,2025-01-14 00:05:00.000000,2030-12-31 23:55:00.000000,X
