Country,hotel_name,price,time_remaining,start_date,end_date
INDIAN OCEAN / MALDIVES,Cinnamon Velifushi Maldives 5*,"From
£850",10h 42m remaining,2025-01-10 14:17:25.833497,2025-01-11 00:59:25.833497
"TURKEY / ISTANBUL, CAPPADOCIA & PAMUKKALE",7-8 night tour: The wonders of Turkey,"From
£365",10h 42m remaining,2025-01-10 14:17:25.833497,2025-01-11 00:59:25.833497
ITALY / ISCHIA,7 night trip: Neapolitan Bay,"From
£567",10h 42m remaining,2025-01-10 14:17:25.833497,2025-01-11 00:59:25.833497
"INDIA / DELHI, JAIPUR & AGRA",7-11 night private tour: India and its Golden Triangle,"From
£536",10h 42m remaining,2025-01-10 14:17:25.833497,2025-01-11 00:59:25.833497
EGYPT / SHARM EL SHEIKH,Grand Rotana Resort & Spa 5*,"Up to
-75%",10h 42m remaining,2025-01-10 14:17:25.833497,2025-01-11 00:59:25.833497
POLAND / KRAKOW,Hotel Krupnicza 30 4*,"From
£24",10h 42m remaining,2025-01-10 14:17:25.833497,2025-01-11 00:59:25.833497
COTSWOLDS / TEWKESBURY,Tewkesbury Park Hotel 4*,EXCLUSIVE,10h 42m remaining,2025-01-10 14:17:25.833497,2025-01-11 00:59:25.833497
GREECE / RHODES,Kresten Palace Hotel 4*,EXCLUSIVE,10h 42m remaining,2025-01-10 14:17:25.833497,2025-01-11 00:59:25.833497
INDIAN OCEAN / MALDIVES,Dhigufaru Island Resort 5*,EXCLUSIVE,5 days remaining,2025-01-10 14:17:25.833497,2025-01-15 14:17:25.833497
FRANCE / PARIS,Bloom House Paris 4*,EXCLUSIVE,10h 42m remaining,2025-01-10 14:17:25.833497,2025-01-11 00:59:25.833497
"EGYPT / CAIRO, LUXOR & ALEXANDRIA","12 night tour: Cairo, Nile cruise & Alexandria","From
£650",3 days remaining,2025-01-10 14:17:25.833497,2025-01-13 14:17:25.833497
"SRI LANKA / COLOMBO, GALLE & NEGOMBO",Duo: 3 night Sri Lanka tour & Shangri-La Hambantota 5*,EXCLUSIVE,10h 42m remaining,2025-01-10 14:17:25.833497,2025-01-11 00:59:25.833497
NETHERLANDS / AMSTERDAM,WestCord Fashion Hotel Amsterdam 4*,"From
£50",5 days remaining,2025-01-10 14:17:25.833497,2025-01-15 14:17:25.833497
CANARY ISLANDS / LANZAROTE,Arrecife Gran Hotel & Spa 5*,"Up to
-55%",6 days remaining,2025-01-10 14:17:25.833497,2025-01-16 14:17:25.833497
UNITED ARAB EMIRATES / DUBAI,Intercontinental Fujairah Resort 5*,EXCLUSIVE,10h 42m remaining,2025-01-10 14:17:25.833497,2025-01-11 00:59:25.833497
SCOTLAND / EDINBURGH,Mercure Edinburgh Haymarket 4*,EXCLUSIVE,3 days remaining,2025-01-10 14:17:25.833497,2025-01-13 14:17:25.833497
"VIETNAM / HANOI, PHU QUOC & HO CHI MINH",11 - 18 night tour: Discover Vietnam & Phu Quoc beach,EXCLUSIVE,2 days remaining,2025-01-10 14:17:25.833497,2025-01-12 14:17:25.833497
MOROCCO / MARRAKESH & AGAFAY DESERT,3 - 7 night tour: Agafay Desert & Marrakesh,"From
£266",5 days remaining,2025-01-10 14:17:25.833497,2025-01-15 14:17:25.833497
CROATIA / BRAČ & HVAR,Duo: Labranda Senses Resort 4* & Labranda Velaris Resort 4*,EXCLUSIVE,3 days remaining,2025-01-10 14:17:25.833497,2025-01-13 14:17:25.833497
"THAILAND / PHUKET, KOH YAO YAI & KHAO LAK",Trio: The Hotspring Beach Resort & Spa 5* & other 4* hotels,"Up to
-55%",4 days remaining,2025-01-10 14:17:25.833497,2025-01-14 14:17:25.833497
TUNISIA / HAMMAMET,One Resort Premium 4*,"Up to
-70%",3 days remaining,2025-01-10 14:17:25.833497,2025-01-13 14:17:25.833497
NETHERLANDS / AMSTERDAM,Pillows Grand Boutique Hotel Maurits at the Park 5*,EXCLUSIVE,10h 42m remaining,2025-01-10 14:17:25.833497,2025-01-11 00:59:25.833497
INDIAN OCEAN / MALDIVES,Angsana Velavaru 5*,EXCLUSIVE,3 days remaining,2025-01-10 14:17:25.833497,2025-01-13 14:17:25.833497
GREECE / ATHENS,Asomaton Hotel,"Up to
-48%",4 days remaining,2025-01-10 14:17:25.833497,2025-01-14 14:17:25.833497
PORTUGAL / LISBON,HF Fenix Garden Hotel,"Up to
-72%",10h 42m remaining,2025-01-10 14:17:25.833497,2025-01-11 00:59:25.833497
UNITED STATES / SAN FRANCISCO,Hilton Parc 55 San Francisco Union Square 4*,"From
£432",4 days remaining,2025-01-10 14:17:25.833497,2025-01-14 14:17:25.833497
NORTHERN WALES / MENAI STRAIT,Château Rhianfa 5*,"From
£60",3 days remaining,2025-01-10 14:17:25.833497,2025-01-13 14:17:25.833497
PORTUGAL / MADEIRA,7 night trip: Madeiran Adventure,EXCLUSIVE,10h 42m remaining,2025-01-10 14:17:25.833497,2025-01-11 00:59:25.833497
SOUTH AFRICA / MARLOTH PARK,La Kruger Lifestyle Lodge 4*,"From
£630",1 day remaining,2025-01-10 14:17:25.833497,2025-01-11 14:17:25.833497
ITALY / VENICE,UnaHotels Ala Venezia - Adults Only,"From
£50",6 days remaining,2025-01-10 14:17:25.833497,2025-01-16 14:17:25.833497
GREECE / RHODES,Aquagrand Exclusive Deluxe Resort 5*,"From
£248",1 day remaining,2025-01-10 14:17:25.833497,2025-01-11 14:17:25.833497
"CHILE / SANTIAGO, ATACAMA DESERT & EASTER ISLAND",Duo: 9 night Chile tour & stopover in Patagonia,EXCLUSIVE,4 days remaining,2025-01-10 14:17:25.833497,2025-01-14 14:17:25.833497
PORTUGAL / PORTO,Torel Avantgarde 5*,"Up to
-71%",5 days remaining,2025-01-10 14:17:25.833497,2025-01-15 14:17:25.833497
MOROCCO / TAGHAZOUT,White Beach Resort Taghazout 5*,"Up to
-64%",2 days remaining,2025-01-10 14:17:25.833497,2025-01-12 14:17:25.833497
"INDONESIA / UBUD, NUSA PENIDA & SEMINYAK",Trio: Sini Vie Luxury Resort & Spa 5* & other 4* hotels,"Up to
-63%",3 days remaining,2025-01-10 14:17:25.833497,2025-01-13 14:17:25.833497
LONDON / EAST END,Canopy by Hilton London City 4*,"From
£187",4 days remaining,2025-01-10 14:17:25.833497,2025-01-14 14:17:25.833497
CANARY ISLANDS / TENERIFE,Barceló Santiago 4* - Adults Only,EXCLUSIVE,3 days remaining,2025-01-10 14:17:25.833497,2025-01-13 14:17:25.833497
"UZBEKISTAN / KHIVA, BUKHARA & SAMARKAND",6 - 12 night tour: The highlights of Uzbekistan,"From
£459",10h 42m remaining,2025-01-10 14:17:25.833497,2025-01-11 00:59:25.833497
SPAIN / BARCELONA,H10 Universitat 4*,"Up to
-69%",1 day remaining,2025-01-10 14:17:25.833497,2025-01-11 14:17:25.833497
"THAILAND / PHUKET, KHAO SOK & KHAO LAK","Multi-stop: Kantary Beach Hotel, Khao Lak 5* & other 4* & 5* hotels","Up to
-76%",3 days remaining,2025-01-10 14:17:25.833497,2025-01-13 14:17:25.833497
GREECE / SANTORINI,Nalas Suites Emporio Santorini,"From
£155",1 day remaining,2025-01-10 14:17:25.833497,2025-01-11 14:17:25.833497
ITALY / LAKE MAGGIORE,Hotel Cannero 4*,EXCLUSIVE,10h 42m remaining,2025-01-10 14:17:25.833497,2025-01-11 00:59:25.833497
UNITED ARAB EMIRATES / DUBAI,JW Marriott Marina 5*,"From
£345",3 days remaining,2025-01-10 14:17:25.833497,2025-01-13 14:17:25.833497
PORTUGAL / MADEIRA,Dreams Madeira Resort Spa & Marina 5*,"Up to
-60%",4 days remaining,2025-01-10 14:17:25.833497,2025-01-14 14:17:25.833497
FRENCH ALPS / SERRE CHEVALIER (AT 1200 M),The Parc Hotel & Spa 4*,"Up to
-74%",5 days remaining,2025-01-10 14:17:25.833497,2025-01-15 14:17:25.833497
INDIAN OCEAN / MAURITIUS,C Mauritius 5*,"Up to
-53%",2 days remaining,2025-01-10 14:17:25.833497,2025-01-12 14:17:25.833497
LONDON / WATERLOO,Hampton by Hilton London Waterloo,EXCLUSIVE,5 days remaining,2025-01-10 14:17:25.833497,2025-01-15 14:17:25.833497
CANARY ISLANDS / GRAN CANARIA,Salobre Hotel Resort & Serenity 5*,"Up to
-80%",6 days remaining,2025-01-10 14:17:25.833497,2025-01-16 14:17:25.833497
UNITED STATES / NEW YORK,Grayson Hotel - The Unbound Collection by Hyatt 4*,"Up to
-65%",2 days remaining,2025-01-10 14:17:25.833497,2025-01-12 14:17:25.833497
ITALY / VERONA,Oriana Suites Verona,"From
£29",10h 42m remaining,2025-01-10 14:17:25.833497,2025-01-11 00:59:25.833497
MOROCCO / MARRAKESH,Sirayane Boutique Hotel & Spa 5*,"Up to
-61%",5 days remaining,2025-01-10 14:17:25.833497,2025-01-15 14:17:25.833497
"JAPAN / TOKYO, KYOTO & OSAKA",13 night tour: Golden Japan,EXCLUSIVE,10h 42m remaining,2025-01-10 14:17:25.833497,2025-01-11 00:59:25.833497
HUNGARY / BUDAPEST,Hotel President Budapest 4*,"Up to
-70%",3 days remaining,2025-01-10 14:17:25.833497,2025-01-13 14:17:25.833497
TUNISIA / HAMMAMET,Steigenberger Marhaba Thalasso Hammamet 5*,"Up to
-61%",3 days remaining,2025-01-10 14:17:25.833497,2025-01-13 14:17:25.833497
INDIAN OCEAN / MAURITIUS,Domaine de Grand Baie 4*,EXCLUSIVE,3 days remaining,2025-01-10 14:17:25.833497,2025-01-13 14:17:25.833497
JERSEY ISLAND / ST. HELIER,The Club Hotel & Spa Jersey 5*,EXCLUSIVE,2 days remaining,2025-01-10 14:17:25.833497,2025-01-12 14:17:25.833497
CANARY ISLANDS / TENERIFE,Fergus Puerto de la Cruz 4*,"Up to
-80%",10h 42m remaining,2025-01-10 14:17:25.833497,2025-01-11 00:59:25.833497
"SRI LANKA & MALDIVES / SIGIRIYA, KANDY & NORTH MALÉ ATOLL",Duo: 7 night private tour of Sri Lanka & Centara Ras Fushi Resort & Spa 4*,EXCLUSIVE,4 days remaining,2025-01-10 14:17:25.833497,2025-01-14 14:17:25.833497
SPAIN / SEVILLE,Hotel Cetina Sevilla 4*,"Up to
-77%",2 days remaining,2025-01-10 14:17:25.833497,2025-01-12 14:17:25.833497
SEYCHELLES & QATAR / BEAU VALLON & DOHA,"Duo: STORY Seychelles 5* & The Ritz-Carlton, Doha 5*",EXCLUSIVE,2 days remaining,2025-01-10 14:17:25.833497,2025-01-12 14:17:25.833497
TURKEY / BODRUM,Labranda TMT Bodrum 5*,EXCLUSIVE,10h 42m remaining,2025-01-10 14:17:25.833497,2025-01-11 00:59:25.833497
MALAYSIA / KUALA LUMPUR & KUALA DUNGUN,Duo: Hotel Stripes Kuala Lumpur 5* & Tanjong Jara Resort 5*,"From
£662",3 days remaining,2025-01-10 14:17:25.833497,2025-01-13 14:17:25.833497
GREECE / HALKIDIKI,Cavo Delea,"Up to
-57%",1 day remaining,2025-01-10 14:17:25.833497,2025-01-11 14:17:25.833497
SPAIN / MADRID,Artiem Madrid 4*,"Up to
-71%",2 days remaining,2025-01-10 14:17:25.833497,2025-01-12 14:17:25.833497
"CANADA / QUEBEC, MONTREAL & TORONTO",12 - 14 night road trip: From Quebec to Ontario,EXCLUSIVE,1 day remaining,2025-01-10 14:17:25.833497,2025-01-11 14:17:25.833497
"IRELAND / DUBLIN, KERRY & DONEGAL",12 night road trip: Ireland from north to south,EXCLUSIVE,6 days remaining,2025-01-10 14:17:25.833497,2025-01-16 14:17:25.833497
GREECE / ATHENS,Wyndham Grand Athens 5*,"Up to
-65%",4 days remaining,2025-01-10 14:17:25.833497,2025-01-14 14:17:25.833497
"COSTA RICA / TORTUGUERO, MONTEVERDE & PLAYA TAMARINDO",12 night tour: Between volcanoes and oceans,EXCLUSIVE,3 days remaining,2025-01-10 14:17:25.833497,2025-01-13 14:17:25.833497
"DENMARK, NORWAY & SWEDEN / COPENHAGEN, OSLO & STOCKHOLM",6 night tour: Capitals of the North,EXCLUSIVE,5 days remaining,2025-01-10 14:17:25.833497,2025-01-15 14:17:25.833497
TURKEY / ISTANBUL,Danış Hotel 4*,"From
£32",3 days remaining,2025-01-10 14:17:25.833497,2025-01-13 14:17:25.833497
QATAR / DOHA,Sheraton Grand Doha Resort & Convention Hotel 5*,"From
£255",5 days remaining,2025-01-10 14:17:25.833497,2025-01-15 14:17:25.833497
BALEARIC ISLANDS / MAJORCA,Fergus Style Palmanova 4*,"Up to
-78%",5 days remaining,2025-01-10 14:17:25.833497,2025-01-15 14:17:25.833497
MALTA / MARFA BAY,Labranda Riviera Resort & Spa 4*,"From
£83",4 days remaining,2025-01-10 14:17:25.833497,2025-01-14 14:17:25.833497
INDIAN OCEAN / MAURITIUS,Anantara Iko Mauritius Resort & Villas 5*,EXCLUSIVE,5 days remaining,2025-01-10 14:17:25.833497,2025-01-15 14:17:25.833497
CORNWALL / NEAR FALMOUTH,Hotel Meudon 4*,"From
£57",6 days remaining,2025-01-10 14:17:25.833497,2025-01-16 14:17:25.833497
ITALY / ISCHIA,5 - 7 night trip: Amalfi Coast & Ischia Island,"Up to
-63%",6 days remaining,2025-01-10 14:17:25.833497,2025-01-16 14:17:25.833497
CANARY ISLANDS / GRAN CANARIA,Bohemia Suites & Spa 5*,"Up to
-59%",6 days remaining,2025-01-10 14:17:25.833497,2025-01-16 14:17:25.833497
DOMINICAN REPUBLIC / PUNTA CANA,Grand Bavaro Princess 5*,"Up to
-53%",1 day remaining,2025-01-10 14:17:25.833497,2025-01-11 14:17:25.833497
PORTUGAL / LISBON,Heritage Avenida Liberdade 4*,"From
£55",5 days remaining,2025-01-10 14:17:25.833497,2025-01-15 14:17:25.833497
QATAR / DOHA,"Al Messila, A Luxury Collection Resort & Spa Doha 5*","From
£270",10h 42m remaining,2025-01-10 14:17:25.833497,2025-01-11 00:59:25.833497
TURKEY / ISTANBUL,Mercure Istanbul Sirkeci,"From
£51",3 days remaining,2025-01-10 14:17:25.833497,2025-01-13 14:17:25.833497
PORTUGAL / PORTO,Arts Hotel Porto Tapestry Collection by Hilton 4*,"Up to
-70%",5 days remaining,2025-01-10 14:17:25.833497,2025-01-15 14:17:25.833497
UNITED STATES / NEW YORK,Westgate New York Grand Central 4*,EXCLUSIVE,1 day remaining,2025-01-10 14:17:25.833497,2025-01-11 14:17:25.833497
TURKEY / ANTALYA,Numa Bay Exclusive 5*,"From
£151",2 days remaining,2025-01-10 14:17:25.833497,2025-01-12 14:17:25.833497
"AUSTRIA, SLOVAKIA & HUNGARY / VIENNA, BRATISLAVA & BUDAPEST",7 night cruise: Classic Danube,EXCLUSIVE,3 days remaining,2025-01-10 14:17:25.833497,2025-01-13 14:17:25.833497
EGYPT / HURGHADA,Hurghada Long Beach Resort 5*,"Up to
-69%",5 days remaining,2025-01-10 14:17:25.833497,2025-01-15 14:17:25.833497
TANZANIA / ZANZIBAR,Sensations Eco-Chic Hotel 5*,"From
£359",4 days remaining,2025-01-10 14:17:25.833497,2025-01-14 14:17:25.833497
ITALY / VENETO,Almar Jesolo Resort and Spa 5*,"From
£104",1 day remaining,2025-01-10 14:17:25.833497,2025-01-11 14:17:25.833497
SEYCHELLES / MAHE & PRASLIN,Duo: Constance Ephelia 5* & Constance Lemuria 5*,EXCLUSIVE,11h 42m remaining,2025-01-10 14:17:25.833497,2025-01-11 01:59:25.833497
GREECE / CRETE,T Hotel Premium Suites 4*,EXCLUSIVE,3 days remaining,2025-01-10 14:17:25.833497,2025-01-13 14:17:25.833497
"OMAN / MUSCAT, WAHIB & JABAL AKHDAR",7 night tour: The best of Oman,EXCLUSIVE,6 days remaining,2025-01-10 14:17:25.833497,2025-01-16 14:17:25.833497
SWISS ALPS / HÉRÉMENCE (AT 2095M),SWISSPEAK Resorts Thyon 4 Vallées 4*,"From
£349",2 days remaining,2025-01-10 14:17:25.833497,2025-01-12 14:17:25.833497
MEXICO / CANCUN,Hyatt Ziva Riviera Cancun 5*,"Up to
-80%",5 days remaining,2025-01-10 14:17:25.833497,2025-01-15 14:17:25.833497
GREECE / MYKONOS,Radisson Blu Euphoria Resort 5*,"Up to
-62%",5 days remaining,2025-01-10 14:17:25.833497,2025-01-15 14:17:25.833497
"KENYA & TANZANIA / MASAI MARA, SERENGETI & ZANZIBAR",Duo: 6 night safari & Toa hotel & Spa 5*,EXCLUSIVE,4 days remaining,2025-01-10 14:17:25.833497,2025-01-14 14:17:25.833497
GREECE / CORFU,Kerkyra Blue Hotel & Spa 5*,"From
£243",5 days remaining,2025-01-10 14:17:25.833497,2025-01-15 14:17:25.833497
ITALY / MILAN,Hotel Raffaello 4*,"From
£82",1 day remaining,2025-01-10 14:17:25.833497,2025-01-11 14:17:25.833497
"NEPAL / KATHMANDU, CHITWAN & POKHARA",9 night tour: From Kathmandu to Lumbin in 4* & 5* hotels,"From
£1,061",6 days remaining,2025-01-10 14:17:25.833497,2025-01-16 14:17:25.833497
CYPRUS / PROTARAS,Sunrise Jade Hotel 5*,EXCLUSIVE,3 days remaining,2025-01-10 14:17:25.833497,2025-01-13 14:17:25.833497
CROATIA / DALMATIAN COAST,Hotel Horizont 4*,EXCLUSIVE,1 day remaining,2025-01-10 14:17:25.833497,2025-01-11 14:17:25.833497
OMAN / MUSCAT,W Muscat 5*,"From
£441",6 days remaining,2025-01-10 14:17:25.833497,2025-01-16 14:17:25.833497
GREECE / CRETE,Blue Marine Resort & Spa 5*,"From
£199",4 days remaining,2025-01-10 14:17:25.833497,2025-01-14 14:17:25.833497
SOUTH AFRICA / MARLOTH PARK,Calabash Safari Lodge 4*,EXCLUSIVE,6 days remaining,2025-01-10 14:17:25.833497,2025-01-16 14:17:25.833497
ITALY / VENICE,Hotel American Dinesen 4*,"From
£47",3 days remaining,2025-01-10 14:17:25.833497,2025-01-13 14:17:25.833497
GREECE / ATHENS & SANTORINI,5-10 nights: From Athens to one of the most beautiful islands in the Cyclades,"From
£361",10h 42m remaining,2025-01-10 14:17:25.833497,2025-01-11 00:59:25.833497
"VIETNAM / HO CHI MINH, HA LONG BAY & PHU QUOC",8 - 15 night private tour: The beauty of north Vietnam,"From
£843",6 days remaining,2025-01-10 14:17:25.833497,2025-01-16 14:17:25.833497
FRANCE / NICE,Hotel Beau Rivage Nice 4*,"From
£36",4 days remaining,2025-01-10 14:17:25.833497,2025-01-14 14:17:25.833497
CANARY ISLANDS / FUERTEVENTURA,TUI Magic Life Fuerteventura 4*,"Up to
-79%",5 days remaining,2025-01-10 14:17:25.833497,2025-01-15 14:17:25.833497
UNITED ARAB EMIRATES / DUBAI,W Dubai - The Palm 5*,"Up to
-60%",6 days remaining,2025-01-10 14:17:25.833497,2025-01-16 14:17:25.833497
NETHERLANDS / AMSTERDAM,Amsterdam Marriott Hotel 5*,"From
£94",3 days remaining,2025-01-10 14:17:25.833497,2025-01-13 14:17:25.833497
GREECE / RHODES,Sheraton Rhodes Resort 5*,"From
£150",1 day remaining,2025-01-10 14:17:25.833497,2025-01-11 14:17:25.833497
CUBA / HAVANA & VARADERO,Duo: Royalton Habana Paseo Del Prado 5* & Royalton Hicacos Resort & Spa 5*,"From
£475",5 days remaining,2025-01-10 14:17:25.833497,2025-01-15 14:17:25.833497
"JORDAN / AMMAN, PETRA & WADI RUM",10 night tour: Around Jordan,"From
£868",6 days remaining,2025-01-10 14:17:25.833497,2025-01-16 14:17:25.833497
ICELAND / REYKJAVIK,Grand Hotel Reykjavik 4*,"From
£307",11h 42m remaining,2025-01-10 14:17:25.833497,2025-01-11 01:59:25.833497
MEXICO / RIVIERA MAYA,Dreams Riviera Cancun Resort & Spa 5*,"Up to
-80%",5 days remaining,2025-01-10 14:17:25.833497,2025-01-15 14:17:25.833497
EGYPT / SHARM EL SHEIKH,Sheraton Sharm Hotel Resort Villas & Spa 5*,"Up to
-71%",6 days remaining,2025-01-10 14:17:25.833497,2025-01-16 14:17:25.833497
FRANCE / BORDEAUX,Hotel Renaissance Bordeaux 4*,"From
£53",10h 42m remaining,2025-01-10 14:17:25.833497,2025-01-11 00:59:25.833497
"NAMIBIE / SOSSUSVLEI, SWAKOPMUND & ETOSHA",9 night tour: Authentic Namibia,EXCLUSIVE,5 days remaining,2025-01-10 14:17:25.833497,2025-01-15 14:17:25.833497
MOROCCO / MARRAKESH,Kenzi Menara Palace 5*,"Up to
-71%",6 days remaining,2025-01-10 14:17:25.833497,2025-01-16 14:17:25.833497
"THAILAND / PHUKET, KHAO LAK & BANGKOK",Trio: Diamond Cottage Phuket 5* & other 4* or 5* hotels,EXCLUSIVE,4 days remaining,2025-01-10 14:17:25.833497,2025-01-14 14:17:25.833497
ITALY / SICILY,Lanterne Magiche Suites 4*,"From
£89",2 days remaining,2025-01-10 14:17:25.833497,2025-01-12 14:17:25.833497
INDIAN OCEAN / MALDIVES,Radisson Blu Resort Maldives 5*,EXCLUSIVE,5 days remaining,2025-01-10 14:17:25.833497,2025-01-15 14:17:25.833497
CANARY ISLANDS / FUERTEVENTURA,Hotel Taimar 4*,"Up to
-69%",6 days remaining,2025-01-10 14:17:25.833497,2025-01-16 14:17:25.833497
"SRI LANKA / SIGIRIYA, KANDY & NUWARA ELIYA",Duo: 7 night Sri Lanka tour & Shinagwa Beach 4*,"From
£1,194",5 days remaining,2025-01-10 14:17:25.833497,2025-01-15 14:17:25.833497
ITALY / FLORENCE,Ricasoli Firenze Luxury Apartments | Una Esperienze,"From
£67",2 days remaining,2025-01-10 14:17:25.833497,2025-01-12 14:17:25.833497
TURKEY / SIDE,Side Zeugma Hotel 4* - Adults Only,"From
£104",6 days remaining,2025-01-10 14:17:25.833497,2025-01-16 14:17:25.833497
"THAILAND / PHUKET, KRABI & KHAO LAK",Trio: Baan Khoalak Beach Resort 4* & other 4* hotels,"Up to
-61%",5 days remaining,2025-01-10 14:17:25.833497,2025-01-15 14:17:25.833497
SPAIN / COSTA BRAVA,Tropic Park Hotel 4*,"Up to
-75%",1 day remaining,2025-01-10 14:17:25.833497,2025-01-11 14:17:25.833497
TUNISIA / HAMMAMET,Royal Azur Thalassa Hotel 5*,"Up to
-61%",6 days remaining,2025-01-10 14:17:25.833497,2025-01-16 14:17:25.833497
"LAOS, CAMBODIA / LUANG PRABANG, SIEM REAP, KOH RONG",8 night tour: Heritage & traditions with optional 4 or 6 night stayover,"From
£1,045",4 days remaining,2025-01-10 14:17:25.833497,2025-01-14 14:17:25.833497
MONTENEGRO / BAY OF KOTOR,Heritage Grand Perast Hotel 5*,"Up to
-72%",5 days remaining,2025-01-10 14:17:25.833497,2025-01-15 14:17:25.833497
GREECE / KOS,Hotel Diamond Deluxe 5*,"From
£149",6 days remaining,2025-01-10 14:17:25.833497,2025-01-16 14:17:25.833497
"CANADA / CALGARY, BANFF & VANCOUVER",8 night road trip: From Calgary to Vancouver,EXCLUSIVE,4 days remaining,2025-01-10 14:17:25.833497,2025-01-14 14:17:25.833497
UNITED ARAB EMIRATES / ABU DHABI,Radisson Blu Hotel & Resort Abu Dhabi Corniche 5*,EXCLUSIVE,4 days remaining,2025-01-10 14:17:25.833497,2025-01-14 14:17:25.833497
GREECE / CRETE,I Resort Beach Hotel & Spa 5*,"From
£205",6 days remaining,2025-01-10 14:17:25.833497,2025-01-16 14:17:25.833497
ITALY / ROME,Radisson Collection Roma Antica 5*,"Up to
-66%",2 days remaining,2025-01-10 14:17:25.833497,2025-01-12 14:17:25.833497
UNITED ARAB EMIRATES / DUBAI,Discover Dubai: Mövenpick Hotel & Apartments Bur Dubai 5*,"From
£292",4 days remaining,2025-01-10 14:17:25.833497,2025-01-14 14:17:25.833497
"MOROCCO / MARRAKESH, AIT BEN HADDOU & OUARZAZATE",5 - 7 night tour: The great Moroccan desert,"From
£377",5 days remaining,2025-01-10 14:17:25.833497,2025-01-15 14:17:25.833497
ITALY / SARDINIA,Hotel Club Torre Salinas 4*,"From
£156",1 day remaining,2025-01-10 14:17:25.833497,2025-01-11 14:17:25.833497
UNITED STATES / MIAMI,Lennox Miami Beach 4*,EXCLUSIVE,4 days remaining,2025-01-10 14:17:25.833497,2025-01-14 14:17:25.833497
GREECE / SANTORINI,Aelia Luxury Suites 5*,"Up to
-61%",5 days remaining,2025-01-10 14:17:25.833497,2025-01-15 14:17:25.833497
"SINGAPORE & INDONESIA / SINGAPORE, UBUD, NUSA LEMBONGAN & JIMBARAN",Multi-stop: Dusit Thani Laguna Singapore 5* & other 4* & 5* hotels,"Up to
-53%",4 days remaining,2025-01-10 14:17:25.833497,2025-01-14 14:17:25.833497
NORWAY / BERGEN & NORWEGIAN FJORDS,4 night trip: Bergen break,EXCLUSIVE,2 days remaining,2025-01-10 14:17:25.833497,2025-01-12 14:17:25.833497
GREECE / CRETE,Enorme Santanna Island 4*,EXCLUSIVE,4 days remaining,2025-01-10 14:17:25.833497,2025-01-14 14:17:25.833497
UNITED STATES / NEW YORK,Hotel Hendricks 4*,"Up to
-77%",4 days remaining,2025-01-10 14:17:25.833497,2025-01-14 14:17:25.833497
ICELAND / REYKJAVIK,Midgardur by Center Hotels 4*,"From
£273",3 days remaining,2025-01-10 14:17:25.833497,2025-01-13 14:17:25.833497
GREECE / SKIATHOS,Radisson Resort Plaza Skiathos 4*,"Up to
-62%",4 days remaining,2025-01-10 14:17:25.833497,2025-01-14 14:17:25.833497
"BALI & INDONESIA / UBUD, GILI LOMBOK & NUSA DUA",Trio: Anema Resort Gili Lombok 5* & other 4* & 5* hotels,EXCLUSIVE,4 days remaining,2025-01-10 14:17:25.833497,2025-01-14 14:17:25.833497
"ITALY / LAKE MAGGIORE, LAKE COMO & LAKE GARDA",4-8 night trip: The Italian lakes & optional stay at Lake Garda,"From
£333",3 days remaining,2025-01-10 14:17:25.833497,2025-01-13 14:17:25.833497
GREECE / CORFU,Iolida Corfu 4*,EXCLUSIVE,2 days remaining,2025-01-10 14:17:25.833497,2025-01-12 14:17:25.833497
"PERU / LIMA, MACHU PICCHU & CUSCO",11 - 13 night tour: Southern treasures of Peru,EXCLUSIVE,4 days remaining,2025-01-10 14:17:25.833497,2025-01-14 14:17:25.833497
ITALY / LAKE GARDA,Madrigale Panoramic & Lifestyle Hotel 4*,"From
£88",2 days remaining,2025-01-10 14:17:25.833497,2025-01-12 14:17:25.833497
"THAILAND / PHUKET, KOH YAO & KRABI",Duo: 7 night guided tour & optional stay at the Deevana Plaza Krabi 4*,EXCLUSIVE,3 days remaining,2025-01-10 14:17:25.833497,2025-01-13 14:17:25.833497
FRANCE / CANNES,Canopy by Hilton Cannes 4*,"From
£66",6 days remaining,2025-01-10 14:17:25.833497,2025-01-16 14:17:25.833497
BAHRAIN / MANAMA,Bahrain F1 tickets & Mövenpick Hotel Bahrain 5*,"From
£589",3 days remaining,2025-01-10 14:17:25.833497,2025-01-13 14:17:25.833497
MEXICO / RIVIERA MAYA,Grand Palladium White Sand Resort & Spa 5*,EXCLUSIVE,3 days remaining,2025-01-10 14:17:25.833497,2025-01-13 14:17:25.833497
ITALY / VENICE,Hotel Excelsior Venice 5*,"Up to
-77%",4 days remaining,2025-01-10 14:17:25.833497,2025-01-14 14:17:25.833497
ITALY / ROME,Hotel St. Martin Rome 4*,"Up to
-73%",5 days remaining,2025-01-10 14:17:25.833497,2025-01-15 14:17:25.833497
"CAMBODIA / PHNOM PENH, KAMPONG THOM & SIEM REAP",7 - 14 night tour: Discover Cambodia & optional beach stay,"From
£787",1 day remaining,2025-01-10 14:17:25.833497,2025-01-11 14:17:25.833497
SWEDEN / LAPLAND,Duo: 3 - 5 night Swedish Lapland trip & Clarion Hotel Amaranten,EXCLUSIVE,10h 42m remaining,2025-01-10 14:17:25.833497,2025-01-11 00:59:25.833497
UNITED STATES / NEW YORK CITY,Belvedere Hotel,EXCLUSIVE,10h 42m remaining,2025-01-10 14:17:25.833497,2025-01-11 00:59:25.833497
ITALY / PUGLIA,Bianco Riccio Suite Hotel 4*,"Up to
-79%",2 days remaining,2025-01-10 14:17:25.833497,2025-01-12 14:17:25.833497
UNITED ARAB EMIRATES / DUBAI,Discover Dubai: Hyatt Regency Dubai Creek Heights 5*,EXCLUSIVE,4 days remaining,2025-01-10 14:17:25.833497,2025-01-14 14:17:25.833497
BELGIUM / BRUSSELS,Hotel Le Plaza Brussels 5*,"From
£59",3 days remaining,2025-01-10 14:17:25.833497,2025-01-13 14:17:25.833497
SWEDEN / LAPLAND,Nordic Lapland Resort,EXCLUSIVE,1 day remaining,2025-01-10 14:17:25.833497,2025-01-11 14:17:25.833497
CZECH REPUBLIC / PRAGUE,Hotel Rott 4*,"Up to
-74%",6 days remaining,2025-01-10 14:17:25.833497,2025-01-16 14:17:25.833497
SPAIN / BARCELONA,Ohla Eixample 5*,"Up to
-65%",6 days remaining,2025-01-10 14:17:25.833497,2025-01-16 14:17:25.833497
PORTUGAL / LISBON & ÉVORA,Duo: HF Fenix Lisboa 4* & Hilton Garden Inn Évora 4*,EXCLUSIVE,5 days remaining,2025-01-10 14:17:25.833497,2025-01-15 14:17:25.833497
ICELAND / REYKJAVIK,Hotel Holt - The Art Hotel 4*,"From
£315",5 days remaining,2025-01-10 14:17:25.833497,2025-01-15 14:17:25.833497
AUSTRIA / VIENNA,Hotel Astoria Wien 4*,"Up to
-36%",5 days remaining,2025-01-10 14:17:25.833497,2025-01-15 14:17:25.833497
FINLAND / LAPLAND,4-7 night private tour: Adventure in Lapland,EXCLUSIVE,5 days remaining,2025-01-10 14:17:25.833497,2025-01-15 14:17:25.833497
ITALY / LIGURIA,Hotel Byron Lerici 4*,"Up to
-74%",5 days remaining,2025-01-10 14:17:25.833497,2025-01-15 14:17:25.833497
HUNGARY / BUDAPEST,Maison Bistro & Hotel 4*,"Up to
-79%",4 days remaining,2025-01-10 14:17:25.833497,2025-01-14 14:17:25.833497
SPAIN / COSTA BRAVA,Alegria Florida Parka 4*,"Up to
-80%",4 days remaining,2025-01-10 14:17:25.833497,2025-01-14 14:17:25.833497
ITALY / SICILY,CDSHotels Terrasini Città del Mare 4*,"From
£204",4 days remaining,2025-01-10 14:17:25.833497,2025-01-14 14:17:25.833497
FRANCE / SAINT GERVAIS (AT 850M),Saint-Gervais Hotel & Spa 4*,"From
£55",3 days remaining,2025-01-10 14:17:25.833497,2025-01-13 14:17:25.833497
SPAIN / COSTA BRAVA,Spanish F1 Grand Prix & Atzavara Hotel & Spa 5*,"Up to
-60%",3 days remaining,2025-01-10 14:17:25.833497,2025-01-13 14:17:25.833497
CZECH REPUBLIC / PRAGUE,Urban Crème 5*,"From
£31",3 days remaining,2025-01-10 14:17:25.833497,2025-01-13 14:17:25.833497
FRANCE / NEAR PERPIGNAN,Hotel L'Île de la Lagune 5*,EXCLUSIVE,3 days remaining,2025-01-10 14:17:25.833497,2025-01-13 14:17:25.833497
ITALY / NORTHERN TUSCANY,Il Ciocco,"Up to
-79%",2 days remaining,2025-01-10 14:17:25.833497,2025-01-12 14:17:25.833497
FRANCE / VERSAILLES,Hotel Le Louis Versailles Château MGallery 4*,EXCLUSIVE,1 day remaining,2025-01-10 14:17:25.833497,2025-01-11 14:17:25.833497
PORTUGAL / ALGARVE,Pestana Vila Sol Vilamoura 5*,"Up to
-79%",1 day remaining,2025-01-10 14:17:25.833497,2025-01-11 14:17:25.833497
FRANCE / BURGUNDY,Domaine de Rymska 5* by Relais & Châteaux,EXCLUSIVE,1 day remaining,2025-01-10 14:17:25.833497,2025-01-11 14:17:25.833497
SPAIN / LAS CALDAS,Las Caldas Spa & Sport 4*,"Up to
-64%",10h 42m remaining,2025-01-10 14:17:25.833497,2025-01-11 00:59:25.833497
